Date;temperatureMeteo;humiditeMeteo;temperatureRuche;humiditeRuche
2019-05-22 21:00:00;14.5;57.0;15.6;57.4
2019-05-23 00:00:00;10.2;77.0;13.44;60.08
2019-05-23 03:00:00;8.6;85.0;10.05;64.75
2019-05-23 06:00:00;11.8;79.0;11.12;67.64
2019-05-23 09:00:00;18.7;41.0;20.23;54.42
2019-05-23 12:00:00;21.1;41.0;30.57;31.25
2019-05-23 15:00:00;21.6;43.0;30.79;27.75
2019-05-23 18:00:00;20.8;48.0;25.62;33.42
2019-05-23 21:00:00;17.0;61.0;20.49;40.42
2019-05-24 00:00:00;13.7;76.0;16.9;49.58
2019-05-24 03:00:00;13.0;76.0;15.18;51.45
2019-05-24 06:00:00;12.7;71.0;14.3;54.83
2019-05-24 09:00:00;16.7;63.0;21.27;51.5
2019-05-24 12:00:00;20.8;58.0;33.8;30.91
2019-05-24 15:00:00;21.3;42.0;30.42;28.17
2019-05-24 18:00:00;19.7;47.0;23.04;34.25
2019-05-24 21:00:00;15.5;61.0;17.72;42.08
2019-05-25 00:00:00;12.2;78.0;14.27;50.5
2019-05-25 03:00:00;10.9;83.0;12.58;58.33
2019-05-25 06:00:00;12.6;85.0;13.43;63.5
2019-05-25 09:00:00;16.5;79.0;19.08;61.45
2019-05-25 12:00:00;17.8;63.0;25.27;49.08
2019-05-25 15:00:00;19.0;55.0;24.84;41.33
2019-05-25 18:00:00;18.0;52.0;20.88;41.36
2019-05-25 21:00:00;14.6;74.0;17.35;49.33
2019-05-26 00:00:00;11.5;87.0;13.64;62.42
2019-05-26 03:00:00;9.8;94.0;11.9;72.25
2019-05-26 06:00:00;13.6;92.0;14.05;76.67
2019-05-26 09:00:00;17.6;73.0;21.62;62.42
2019-05-26 12:00:00;17.5;71.0;22.83;52.08
2019-05-26 15:00:00;17.6;66.0;23.17;48.18
2019-05-26 18:00:00;16.0;74.0;19.48;55.83
2019-05-26 21:00:00;14.4;88.0;15.28;77.67
2019-05-27 00:00:00;13.9;97.0;14.52;84.55
2019-05-27 03:00:00;13.6;96.0;13.92;86.83
2019-05-27 06:00:00;13.3;95.0;13.99;87.17
2019-05-27 09:00:00;17.9;52.0;20.2;74.25
2019-05-27 12:00:00;19.1;47.0;25.84;47.58
2019-05-27 15:00:00;20.0;41.0;24.54;36.83
2019-05-27 18:00:00;16.2;60.0;19.87;44.42
2019-05-27 21:00:00;12.8;76.0;14.75;59.82
2019-05-28 00:00:00;12.4;84.0;12.6;71.92
2019-05-28 03:00:00;12.0;81.0;12.21;75.83
2019-05-28 06:00:00;12.0;78.0;12.64;75.36
2019-05-28 09:00:00;12.6;82.0;15.54;71.67
2019-05-28 12:00:00;14.4;70.0;23.23;51.0
2019-05-28 15:00:00;15.7;57.0;22.68;43.5
2019-05-28 18:00:00;14.7;62.0;18.65;46.25
2019-05-28 21:00:00;11.6;80.0;13.33;54.42
2019-05-29 00:00:00;9.5;87.0;10.1;60.67
2019-05-29 03:00:00;8.6;89.0;8.01;65.64
2019-05-29 06:00:00;11.3;82.0;9.78;68.08
2019-05-29 09:00:00;15.0;62.0;18.31;58.0
2019-05-29 12:00:00;18.7;45.0;29.89;30.09
2019-05-29 15:00:00;19.1;46.0;27.62;27.0
2019-05-29 18:00:00;16.9;55.0;20.73;39.5
2019-05-29 21:00:00;14.4;72.0;16.88;53.58
2019-05-30 00:00:00;13.5;87.0;14.26;80.33
2019-05-30 03:00:00;14.3;86.0;14.57;86.08
2019-05-30 06:00:00;15.0;87.0;15.36;88.17
2019-05-30 09:00:00;15.9;83.0;17.62;82.82
2019-05-30 12:00:00;18.3;72.0;21.71;69.25
2019-05-30 15:00:00;21.5;53.0;26.14;46.92
2019-05-30 18:00:00;20.1;51.0;21.64;48.55
2019-05-30 21:00:00;15.9;71.0;18.44;57.33
2019-05-31 00:00:00;13.7;81.0;14.73;68.75
2019-05-31 03:00:00;11.0;91.0;12.58;76.17
2019-05-31 06:00:00;14.2;80.0;13.31;80.17
2019-05-31 09:00:00;16.6;72.0;18.7;69.5
2019-05-31 12:00:00;19.1;58.0;24.8;50.5
2019-05-31 15:00:00;22.4;49.0;28.59;36.0
2019-05-31 18:00:00;22.4;51.0;23.66;43.25
2019-05-31 21:00:00;16.4;73.0;19.29;51.0
2019-06-01 00:00:00;13.6;86.0;16.02;56.55
2019-06-01 03:00:00;12.2;94.0;14.35;63.08
2019-06-01 06:00:00;15.8;82.0;15.44;68.17
2019-06-01 09:00:00;22.2;61.0;24.69;56.83
2019-06-01 12:00:00;25.8;48.0;36.28;31.08
2019-06-01 15:00:00;27.2;44.0;35.31;28.0
2019-06-01 18:00:00;26.7;49.0;28.74;37.33
2019-06-01 21:00:00;21.3;67.0;24.96;47.45
2019-06-02 00:00:00;18.2;79.0;21.82;59.0
2019-06-02 03:00:00;15.7;87.0;18.95;66.83
2019-06-02 06:00:00;19.9;74.0;19.56;69.27
2019-06-02 09:00:00;26.4;51.0;27.09;52.08
2019-06-02 12:00:00;30.2;33.0;38.46;25.83
2019-06-02 15:00:00;30.9;33.0;37.39;23.08
2019-06-02 18:00:00;26.0;37.0;29.95;30.83
2019-06-02 21:00:00;20.5;55.0;24.05;40.67
2019-06-03 00:00:00;17.4;71.0;20.32;48.58
2019-06-03 03:00:00;16.2;80.0;18.17;59.0
2019-06-03 06:00:00;16.3;72.0;17.55;64.33
2019-06-03 09:00:00;16.7;66.0;20.09;56.67
2019-06-03 12:00:00;18.5;58.0;23.18;45.18
2019-06-03 15:00:00;18.5;58.0;23.79;40.75
2019-06-03 18:00:00;18.6;50.0;21.41;41.33
2019-06-03 21:00:00;16.0;56.0;17.2;45.5
2019-06-04 00:00:00;11.5;73.0;14.12;51.25
2019-06-04 03:00:00;10.5;81.0;12.32;56.75
2019-06-04 06:00:00;14.2;71.0;14.35;59.67
2019-06-04 09:00:00;18.4;71.0;20.56;55.0
2019-06-04 12:00:00;20.6;72.0;23.52;55.33
2019-06-04 15:00:00;26.5;55.0;27.67;48.75
2019-06-04 18:00:00;19.1;91.0;23.12;70.33
2019-06-04 21:00:00;16.3;91.0;18.37;88.67
2019-06-05 00:00:00;13.8;97.0;18.37;88.67
2019-06-05 03:00:00;15.0;94.0;18.37;88.67
2019-06-05 06:00:00;14.8;90.0;18.37;88.67
2019-06-05 09:00:00;16.3;68.0;18.37;88.67
2019-06-05 12:00:00;16.9;66.0;18.37;88.67
2019-06-05 15:00:00;15.1;75.0;18.37;88.67
2019-06-05 18:00:00;13.1;93.0;18.37;88.67
2019-06-05 21:00:00;10.2;91.0;18.37;88.67
2019-06-06 00:00:00;10.4;95.0;18.37;88.67
2019-06-06 03:00:00;9.8;95.0;18.37;88.67
2019-06-06 06:00:00;11.1;94.0;18.37;88.67
2019-06-06 09:00:00;15.1;70.0;18.37;88.67
2019-06-06 12:00:00;17.0;54.0;18.37;88.67
2019-06-06 15:00:00;15.9;61.0;18.37;88.67
2019-06-06 18:00:00;14.3;72.0;18.37;88.67
2019-06-06 21:00:00;13.0;82.0;18.37;88.67
2019-06-07 00:00:00;11.4;90.0;18.37;88.67
2019-06-07 03:00:00;11.2;87.0;18.37;88.67
2019-06-07 06:00:00;14.9;67.0;18.37;88.67
2019-06-07 09:00:00;17.7;60.0;22.35;43.1
2019-06-07 12:00:00;14.9;85.0;21.66;52.33
2019-06-07 15:00:00;15.8;71.0;16.67;79.33
2019-06-07 18:00:00;14.9;81.0;15.42;79.83
2019-06-07 21:00:00;13.6;82.0;12.88;91.33
2019-06-08 00:00:00;12.8;75.0;11.83;94.58
2019-06-08 03:00:00;11.9;79.0;11.05;93.45
2019-06-08 06:00:00;12.5;76.0;10.92;96.0
2019-06-08 09:00:00;14.1;74.0;14.53;89.67
2019-06-08 12:00:00;11.5;84.0;17.15;82.17
2019-06-08 15:00:00;16.6;64.0;18.29;78.55
2019-06-08 18:00:00;16.4;53.0;14.69;81.69
2019-06-08 21:00:00;11.5;77.0;11.27;87.42
2019-06-09 00:00:00;10.6;86.0;9.69;90.55
2019-06-09 03:00:00;9.1;93.0;9.3;91.58
2019-06-09 06:00:00;11.5;87.0;10.92;91.67
2019-06-09 09:00:00;17.1;59.0;22.07;78.33
2019-06-09 12:00:00;19.0;54.0;24.87;68.58
2019-06-09 15:00:00;15.8;76.0;17.96;76.08
2019-06-09 18:00:00;15.7;81.0;16.91;79.82
2019-06-09 21:00:00;14.6;84.0;15.13;83.5
2019-06-10 00:00:00;13.5;90.0;13.7;86.67
2019-06-10 03:00:00;12.9;85.0;12.52;88.33
2019-06-10 06:00:00;13.0;91.0;12.81;89.27
2019-06-10 09:00:00;14.1;94.0;14.69;90.08
2019-06-10 12:00:00;16.3;76.0;21.17;86.0
2019-06-10 15:00:00;17.9;75.0;23.02;82.83
2019-06-10 18:00:00;14.6;85.0;16.69;87.75
2019-06-10 21:00:00;11.2;86.0;12.04;90.0
2019-06-11 00:00:00;9.4;95.0;9.86;93.73
2019-06-11 03:00:00;8.0;97.0;8.67;95.17
2019-06-11 06:00:00;10.0;97.0;9.72;97.83
2019-06-11 09:00:00;15.1;67.0;19.1;85.75
2019-06-11 12:00:00;17.9;54.0;22.69;78.82
2019-06-11 15:00:00;18.5;52.0;24.14;70.25
2019-06-11 18:00:00;18.8;50.0;19.35;74.83
2019-06-11 21:00:00;15.1;71.0;15.9;79.33
2019-06-12 00:00:00;12.2;86.0;12.62;83.25
2019-06-12 03:00:00;12.1;88.0;12.11;85.75
2019-06-12 06:00:00;12.4;96.0;12.45;87.82
2019-06-12 09:00:00;13.2;96.0;13.38;89.42
2019-06-12 12:00:00;13.3;94.0;14.83;91.5
2019-06-12 15:00:00;17.8;60.0;20.53;88.08
2019-06-12 18:00:00;14.6;81.0;16.75;91.36
2019-06-12 21:00:00;12.6;83.0;13.8;92.67
2019-06-13 00:00:00;11.3;94.0;11.33;96.0
2019-06-13 03:00:00;11.5;91.0;11.0;98.83
2019-06-13 06:00:00;12.2;88.0;11.93;98.33
2019-06-13 09:00:00;15.2;72.0;15.42;90.92
2019-06-13 12:00:00;14.8;86.0;16.13;91.55
2019-06-13 15:00:00;18.0;64.0;17.95;89.17
2019-06-13 18:00:00;15.8;67.0;14.79;94.5
2019-06-13 21:00:00;14.2;74.0;12.81;95.58
2019-06-14 00:00:00;11.5;88.0;11.07;95.91
2019-06-14 03:00:00;11.0;97.0;10.81;82.17
2019-06-14 06:00:00;12.5;96.0;12.16;98.58
2019-06-14 09:00:00;18.8;62.0;21.68;85.5
2019-06-14 12:00:00;21.1;53.0;26.78;71.75
2019-06-14 15:00:00;22.5;50.0;25.22;69.0
2019-06-14 18:00:00;21.9;53.0;21.11;76.45
2019-06-14 21:00:00;16.8;68.0;17.28;80.83
2019-06-15 00:00:00;15.6;65.0;14.92;82.92
2019-06-15 03:00:00;13.2;89.0;13.11;87.27
2019-06-15 06:00:00;13.5;94.0;13.17;88.17
2019-06-15 09:00:00;16.7;79.0;19.89;83.42
2019-06-15 12:00:00;19.5;64.0;27.17;75.58
2019-06-15 15:00:00;21.8;47.0;26.74;65.42
2019-06-15 18:00:00;19.9;54.0;21.92;66.83
2019-06-15 21:00:00;16.8;66.0;17.48;73.0
2019-06-16 00:00:00;14.4;76.0;15.08;78.0
2019-06-16 03:00:00;12.6;87.0;12.91;84.17
2019-06-16 06:00:00;14.7;84.0;14.27;86.5
2019-06-16 09:00:00;17.5;72.0;19.07;81.82
2019-06-16 12:00:00;20.6;59.0;26.77;59.75
2019-06-16 15:00:00;20.7;67.0;24.81;60.33
2019-06-16 18:00:00;19.7;66.0;21.66;65.08
2019-06-16 21:00:00;15.6;85.0;16.91;73.08
2019-06-17 00:00:00;13.3;95.0;14.15;76.67
2019-06-17 03:00:00;11.7;96.0;13.14;81.17
2019-06-17 06:00:00;14.5;91.0;15.65;85.36
2019-06-17 09:00:00;21.3;58.0;27.12;61.83
2019-06-17 12:00:00;23.1;52.0;32.65;41.83
2019-06-17 15:00:00;24.8;45.0;32.89;38.45
2019-06-17 18:00:00;23.9;49.0;25.68;48.42
2019-06-17 21:00:00;19.5;73.0;20.87;59.08
2019-06-18 00:00:00;15.3;76.0;16.01;69.17
2019-06-18 03:00:00;13.7;80.0;13.39;73.33
2019-06-18 06:00:00;16.9;66.0;15.86;73.92
2019-06-18 09:00:00;20.9;62.0;25.88;57.08
2019-06-18 12:00:00;25.6;53.0;36.04;36.18
2019-06-18 15:00:00;27.1;45.0;34.8;31.17
2019-06-18 18:00:00;25.9;47.0;30.0;36.58
2019-06-18 21:00:00;20.9;70.0;25.25;43.73
2019-06-19 00:00:00;18.4;73.0;21.68;52.67
2019-06-19 03:00:00;18.2;73.0;19.65;61.42
2019-06-19 06:00:00;17.6;83.0;17.72;79.08
2019-06-19 09:00:00;19.7;76.0;20.34;81.5
2019-06-19 12:00:00;21.9;77.0;24.39;77.67
2019-06-19 15:00:00;20.2;86.0;23.81;81.42
2019-06-19 18:00:00;18.3;89.0;19.67;90.45
2019-06-19 21:00:00;16.1;90.0;17.24;92.92
2019-06-20 00:00:00;15.3;92.0;15.62;95.75
2019-06-20 03:00:00;15.0;89.0;14.9;96.67
2019-06-20 06:00:00;15.6;84.0;15.68;96.45
2019-06-20 09:00:00;18.2;72.0;18.77;92.58
2019-06-20 12:00:00;20.3;55.0;26.22;74.67
2019-06-20 15:00:00;19.7;46.0;24.35;68.92
2019-06-20 18:00:00;18.5;52.0;17.37;78.58
2019-06-20 21:00:00;13.7;73.0;13.34;84.83
2019-06-21 00:00:00;11.4;86.0;11.07;89.18
2019-06-21 03:00:00;9.8;91.0;9.87;91.5
2019-06-21 06:00:00;12.7;87.0;12.35;92.42
2019-06-21 09:00:00;18.0;59.0;23.69;74.5
2019-06-21 12:00:00;19.8;43.0;27.97;56.36
2019-06-21 15:00:00;21.4;40.0;28.02;46.42
2019-06-21 18:00:00;20.2;46.0;21.58;50.17
2019-06-21 21:00:00;15.0;61.0;15.92;58.92
2019-06-22 00:00:00;11.7;78.0;12.11;67.42
2019-06-22 03:00:00;10.7;87.0;9.82;73.0
2019-06-22 06:00:00;14.0;74.0;12.39;75.75
2019-06-22 09:00:00;19.0;56.0;25.14;53.08
2019-06-22 12:00:00;21.0;53.0;31.37;35.08
2019-06-22 15:00:00;22.7;47.0;29.15;35.83
2019-06-22 18:00:00;22.7;47.0;23.85;43.45
2019-06-22 21:00:00;17.9;69.0;19.47;56.92
2019-06-23 00:00:00;16.1;82.0;16.11;66.33
2019-06-23 03:00:00;15.4;84.0;14.4;72.08
2019-06-23 06:00:00;17.8;76.0;17.47;74.33
2019-06-23 09:00:00;23.9;61.0;29.83;49.67
2019-06-23 12:00:00;27.2;52.0;38.21;30.82
2019-06-23 15:00:00;28.9;47.0;37.05;29.92
2019-06-23 18:00:00;27.4;54.0;32.17;37.92
2019-06-23 21:00:00;23.5;68.0;27.47;48.75
2019-06-24 00:00:00;20.8;77.0;24.38;56.45
2019-06-24 03:00:00;19.8;79.0;21.98;63.58
2019-06-24 06:00:00;22.3;74.0;22.68;66.92
2019-06-24 09:00:00;26.9;58.0;31.22;50.08
2019-06-24 12:00:00;30.1;47.0;38.89;32.67
2019-06-24 15:00:00;27.8;62.0;38.94;33.33
2019-06-24 18:00:00;27.0;63.0;32.89;39.36
2019-06-24 21:00:00;23.4;71.0;26.82;49.33
2019-06-25 00:00:00;19.2;83.0;21.98;60.92
2019-06-25 03:00:00;19.6;85.0;19.99;68.33
2019-06-25 06:00:00;21.9;78.0;21.9;71.91
2019-06-25 09:00:00;26.0;67.0;30.49;57.17
2019-06-25 12:00:00;30.7;56.0;39.96;36.75
2019-06-25 15:00:00;30.7;57.0;40.0;34.92
2019-06-25 18:00:00;28.2;62.0;32.36;46.08
2019-06-25 21:00:00;20.8;80.0;24.87;56.83
2019-06-26 00:00:00;18.0;87.0;20.5;65.09
2019-06-26 03:00:00;17.0;94.0;19.33;71.0
2019-06-26 06:00:00;16.6;92.0;18.71;74.75
2019-06-26 09:00:00;20.9;77.0;25.45;63.67
2019-06-26 12:00:00;24.9;61.0;35.98;37.27
2019-06-26 15:00:00;25.1;65.0;34.75;36.67
2019-06-26 18:00:00;23.0;69.0;26.88;51.0
2019-06-26 21:00:00;18.6;80.0;21.15;63.67
2019-06-27 00:00:00;17.0;86.0;17.76;74.08
2019-06-27 03:00:00;15.7;89.0;16.11;81.08
2019-06-27 06:00:00;16.2;83.0;17.67;79.08
2019-06-27 09:00:00;20.8;66.0;26.84;49.73
2019-06-27 12:00:00;24.2;47.0;34.62;28.42
2019-06-27 15:00:00;26.1;42.0;34.81;26.08
2019-06-27 18:00:00;24.0;52.0;27.31;38.45
2019-06-27 21:00:00;19.1;74.0;21.91;56.17
2019-06-28 00:00:00;16.0;80.0;17.74;68.92
2019-06-28 03:00:00;13.8;87.0;15.07;76.17
2019-06-28 06:00:00;14.9;79.0;15.85;76.83
2019-06-28 09:00:00;19.6;64.0;26.76;48.33
2019-06-28 12:00:00;24.0;49.0;36.07;27.25
2019-06-28 15:00:00;26.7;43.0;35.92;25.0
2019-06-28 18:00:00;26.2;45.0;29.03;34.75
2019-06-28 21:00:00;22.3;56.0;24.66;43.83
2019-06-29 00:00:00;19.9;62.0;21.12;52.91
2019-06-29 03:00:00;17.7;67.0;18.9;56.67
2019-06-29 06:00:00;19.8;63.0;20.55;56.5
2019-06-29 09:00:00;27.1;47.0;32.95;36.42
2019-06-29 12:00:00;31.1;40.0;42.19;21.42
2019-06-29 15:00:00;33.7;28.0;41.48;19.58
2019-06-29 18:00:00;32.1;33.0;34.57;25.58
2019-06-29 21:00:00;25.5;54.0;29.91;35.0
2019-06-30 00:00:00;22.4;64.0;26.06;44.5
2019-06-30 03:00:00;19.9;81.0;22.52;56.75
2019-06-30 06:00:00;19.5;83.0;21.35;68.09
2019-06-30 09:00:00;22.1;72.0;26.78;58.33
2019-06-30 12:00:00;24.4;50.0;34.69;33.67
2019-06-30 15:00:00;25.1;45.0;33.13;30.67
2019-06-30 18:00:00;22.8;52.0;25.88;39.0
2019-06-30 21:00:00;17.2;72.0;20.49;51.17
2019-07-01 00:00:00;14.6;85.0;16.62;63.75
2019-07-01 03:00:00;13.7;89.0;14.83;71.27
2019-07-01 06:00:00;16.3;81.0;16.86;74.17
2019-07-01 09:00:00;20.4;56.0;28.04;46.33
2019-07-01 12:00:00;22.6;48.0;34.54;28.91
2019-07-01 15:00:00;23.6;46.0;33.88;25.83
2019-07-01 18:00:00;20.6;59.0;26.71;35.25
2019-07-01 21:00:00;17.1;69.0;21.44;45.25
2019-07-02 00:00:00;13.6;84.0;16.73;54.58
2019-07-02 09:00:00;19.8;53.0;28.11;44.82
2019-07-02 12:00:00;22.0;46.0;34.44;28.33
2019-07-02 15:00:00;22.4;53.0;35.31;25.25
2019-07-02 18:00:00;20.5;55.0;26.95;36.27
2019-07-02 21:00:00;16.3;66.0;19.97;45.83
2019-07-03 00:00:00;15.0;72.0;16.64;56.92
2019-07-03 03:00:00;13.4;78.0;14.16;65.58
2019-07-03 06:00:00;15.0;75.0;15.32;68.67
2019-07-03 09:00:00;17.4;52.0;24.58;42.83
2019-07-03 12:00:00;20.6;45.0;30.34;26.92
2019-07-03 15:00:00;21.3;42.0;29.41;26.82
2019-07-03 18:00:00;20.0;51.0;23.67;36.92
2019-07-03 21:00:00;16.2;60.0;18.04;49.83
2019-07-04 00:00:00;13.5;72.0;14.6;58.25
2019-07-04 03:00:00;12.1;79.0;12.26;65.91
2019-07-04 06:00:00;13.8;70.0;14.02;67.42
2019-07-04 09:00:00;18.1;52.0;25.11;40.75
2019-07-04 12:00:00;21.5;42.0;34.32;22.75
2019-07-04 15:00:00;23.5;36.0;34.58;19.58
2019-07-04 18:00:00;23.4;38.0;27.22;28.92
2019-07-04 21:00:00;18.3;66.0;21.65;42.73
2019-07-05 00:00:00;15.8;76.0;18.04;50.75
2019-07-05 03:00:00;14.5;84.0;16.16;56.75
2019-07-05 06:00:00;16.1;78.0;16.61;60.42
2019-07-05 09:00:00;21.7;51.0;26.23;47.45
2019-07-05 12:00:00;25.7;43.0;37.41;28.0
2019-07-05 15:00:00;26.9;40.0;39.15;23.08
2019-07-05 18:00:00;23.1;52.0;30.68;31.25
2019-07-05 21:00:00;19.9;56.0;24.33;37.33
2019-07-06 00:00:00;17.3;64.0;20.92;42.5
2019-07-06 03:00:00;14.5;77.0;17.92;48.83
2019-07-06 06:00:00;16.8;75.0;18.85;53.82
2019-07-06 09:00:00;23.3;49.0;30.98;38.67
2019-07-06 12:00:00;25.5;37.0;38.83;23.83
2019-07-06 15:00:00;25.1;52.0;35.27;27.82
2019-07-06 18:00:00;21.7;58.0;28.83;36.17
2019-07-06 21:00:00;18.3;73.0;22.35;48.75
2019-07-07 00:00:00;17.0;83.0;19.64;60.33
2019-07-07 03:00:00;15.4;86.0;17.49;66.08
2019-07-07 06:00:00;15.6;84.0;16.54;71.25
2019-07-07 09:00:00;16.6;70.0;18.4;68.67
2019-07-07 12:00:00;18.2;63.0;21.97;62.27
2019-07-07 15:00:00;19.1;55.0;25.16;51.0
2019-07-07 18:00:00;19.5;49.0;22.12;44.0
2019-07-07 21:00:00;14.3;68.0;16.4;52.0
2019-07-08 00:00:00;11.1;80.0;12.84;59.67
2019-07-08 03:00:00;10.4;84.0;10.57;64.0
2019-07-08 06:00:00;13.0;81.0;12.28;66.83
2019-07-08 09:00:00;18.5;51.0;24.22;50.92
2019-07-08 12:00:00;19.5;49.0;30.95;31.75
2019-07-08 15:00:00;21.0;46.0;29.72;27.75
2019-07-08 18:00:00;18.1;51.0;22.22;36.64
2019-07-08 21:00:00;13.5;65.0;16.96;46.17
2019-07-09 00:00:00;11.6;79.0;13.01;54.0
2019-07-09 03:00:00;10.7;84.0;10.95;59.82
2019-07-09 06:00:00;12.9;79.0;11.88;63.75
2019-07-09 09:00:00;18.0;54.0;23.28;46.42
2019-07-09 12:00:00;20.8;39.0;33.09;25.92
2019-07-09 15:00:00;22.4;38.0;35.12;20.33
2019-07-09 18:00:00;20.3;40.0;28.41;26.67
2019-07-09 21:00:00;18.0;52.0;22.23;36.17
2019-07-10 00:00:00;15.3;60.0;18.43;41.45
2019-07-10 03:00:00;14.3;67.0;17.46;46.75
2019-07-10 06:00:00;15.1;72.0;17.6;50.42
2019-07-10 09:00:00;20.9;47.0;26.36;39.18
2019-07-10 12:00:00;23.9;45.0;32.23;30.17
2019-07-10 15:00:00;25.3;47.0;35.94;25.75
2019-07-10 18:00:00;22.6;60.0;28.88;38.92
2019-07-10 21:00:00;19.7;72.0;24.06;45.67
2019-07-11 00:00:00;18.0;78.0;21.13;51.58
2019-07-11 03:00:00;17.3;79.0;19.35;56.42
2019-07-11 06:00:00;17.0;74.0;18.7;58.82
2019-07-11 09:00:00;22.4;45.0;24.65;48.33
2019-07-11 12:00:00;22.7;47.0;29.17;36.17
2019-07-11 15:00:00;24.8;43.0;33.94;28.36
2019-07-11 18:00:00;23.7;35.0;27.83;30.67
2019-07-11 21:00:00;19.5;52.0;22.99;37.08
2019-07-12 00:00:00;16.0;69.0;19.11;45.92
2019-07-12 03:00:00;14.5;87.0;15.92;59.42
2019-07-12 06:00:00;16.7;86.0;17.1;66.42
2019-07-12 09:00:00;22.3;62.0;27.76;52.0
2019-07-12 12:00:00;20.9;71.0;29.52;42.09
2019-07-12 15:00:00;23.7;46.0;31.73;34.0
2019-07-12 18:00:00;21.7;52.0;25.72;38.83
2019-07-12 21:00:00;18.2;76.0;21.76;45.91
2019-07-13 00:00:00;16.1;84.0;17.93;55.0
2019-07-13 03:00:00;16.2;87.0;16.21;63.25
2019-07-13 06:00:00;16.6;86.0;17.0;68.67
2019-07-13 09:00:00;19.2;69.0;21.31;65.0
2019-07-13 12:00:00;20.7;62.0;26.98;49.0
2019-07-13 15:00:00;19.3;70.0;24.85;48.67
2019-07-13 18:00:00;19.8;62.0;22.56;49.73
2019-07-13 21:00:00;15.0;77.0;17.28;58.83
2019-07-14 00:00:00;15.9;78.0;16.05;63.75
2019-07-14 03:00:00;15.5;73.0;16.22;67.58
2019-07-14 06:00:00;15.4;77.0;16.43;68.73
2019-07-14 09:00:00;18.0;70.0;21.44;59.58
2019-07-14 12:00:00;19.9;53.0;25.73;43.42
2019-07-14 15:00:00;20.2;57.0;26.27;39.92
2019-07-14 18:00:00;17.9;62.0;22.31;46.83
2019-07-14 21:00:00;14.8;73.0;16.98;57.92
2019-07-15 00:00:00;12.2;81.0;13.29;63.91
2019-07-15 03:00:00;12.3;84.0;12.78;66.08
2019-07-15 06:00:00;14.9;72.0;14.64;66.58
2019-07-15 09:00:00;17.4;60.0;19.27;61.42
2019-07-15 12:00:00;18.0;63.0;21.96;53.91
2019-07-15 15:00:00;19.9;51.0;25.07;43.83
2019-07-15 18:00:00;17.1;65.0;22.01;46.58
2019-07-15 21:00:00;16.0;71.0;18.7;54.33
2019-07-16 00:00:00;15.2;70.0;17.0;57.92
2019-07-16 03:00:00;14.7;70.0;15.68;59.75
2019-07-16 06:00:00;15.2;66.0;16.02;60.58
2019-07-16 09:00:00;16.6;63.0;19.87;55.55
2019-07-16 12:00:00;20.1;53.0;28.05;40.58
2019-07-16 15:00:00;22.7;45.0;31.22;31.5
2019-07-16 18:00:00;23.0;44.0;24.9;37.18
2019-07-16 21:00:00;17.3;63.0;20.17;44.25
2019-07-17 00:00:00;14.4;79.0;15.88;51.42
2019-07-17 03:00:00;11.9;88.0;13.17;58.17
2019-07-17 06:00:00;14.5;87.0;15.28;63.42
2019-07-17 09:00:00;21.2;53.0;28.08;47.0
2019-07-17 12:00:00;24.9;41.0;36.76;26.0
2019-07-17 15:00:00;26.0;34.0;37.41;21.18
2019-07-17 18:00:00;24.6;38.0;31.04;25.08
2019-07-17 21:00:00;19.8;61.0;24.88;35.75
2019-07-18 00:00:00;16.5;66.0;20.3;45.45
2019-07-18 03:00:00;15.4;82.0;17.57;54.75
2019-07-18 06:00:00;16.8;82.0;17.03;64.42
2019-07-18 09:00:00;20.6;62.0;25.19;52.58
2019-07-18 12:00:00;23.1;51.0;29.28;38.5
2019-07-18 15:00:00;19.9;74.0;25.31;49.42
2019-07-18 18:00:00;20.7;64.0;24.22;51.58
2019-07-18 21:00:00;18.8;70.0;20.85;58.18
2019-07-19 00:00:00;16.5;77.0;18.08;64.58
2019-07-19 03:00:00;16.2;79.0;17.18;68.25
2019-07-19 06:00:00;16.9;82.0;17.97;70.33
2019-07-19 09:00:00;21.2;57.0;26.95;52.82
2019-07-19 12:00:00;23.2;45.0;29.77;37.0
2019-07-19 15:00:00;26.0;39.0;32.88;28.92
2019-07-19 18:00:00;25.7;43.0;29.49;33.33
2019-07-19 21:00:00;22.0;57.0;25.4;40.08
2019-07-20 00:00:00;18.4;73.0;22.15;47.17
2019-07-20 03:00:00;18.7;71.0;20.23;57.08
2019-07-20 06:00:00;18.8;74.0;19.57;63.09
2019-07-20 09:00:00;23.3;64.0;25.37;57.17
2019-07-20 12:00:00;23.3;64.0;28.77;49.83
2019-07-20 15:00:00;25.1;49.0;30.42;42.0
2019-07-20 18:00:00;22.4;56.0;24.68;47.67
2019-07-20 21:00:00;18.7;72.0;20.28;58.33
2019-07-21 00:00:00;16.1;82.0;17.24;68.75
2019-07-21 03:00:00;15.1;90.0;16.11;75.08
2019-07-21 06:00:00;16.4;87.0;17.12;77.75
2019-07-21 09:00:00;20.8;55.0;26.48;55.08
2019-07-21 12:00:00;24.0;44.0;33.58;33.45
2019-07-21 15:00:00;24.6;43.0;33.27;28.5
2019-07-21 18:00:00;22.9;45.0;26.97;34.75
2019-07-21 21:00:00;18.6;60.0;22.17;41.18
2019-07-22 00:00:00;15.4;74.0;18.88;47.5
2019-07-22 03:00:00;14.0;78.0;16.59;53.75
2019-07-22 06:00:00;17.7;69.0;17.56;58.75
2019-07-22 09:00:00;23.5;54.0;28.35;44.58
2019-07-22 12:00:00;27.3;43.0;38.07;28.67
2019-07-22 15:00:00;30.0;38.0;38.91;24.5
2019-07-22 18:00:00;29.0;39.0;31.81;32.55
2019-07-22 21:00:00;23.8;54.0;26.5;39.92
2019-07-23 00:00:00;20.8;70.0;22.47;50.83
2019-07-23 03:00:00;19.2;78.0;20.1;60.17
2019-07-23 06:00:00;20.3;75.0;21.18;62.67
2019-07-23 09:00:00;29.0;43.0;33.3;41.75
2019-07-23 12:00:00;32.9;28.0;42.58;21.75
2019-07-23 15:00:00;34.8;26.0;43.03;18.08
2019-07-23 18:00:00;34.0;27.0;35.99;23.08
2019-07-23 21:00:00;28.6;36.0;31.24;28.0
2019-07-24 00:00:00;23.4;54.0;27.51;36.18
2019-07-24 03:00:00;21.7;63.0;24.72;44.92
2019-07-24 06:00:00;24.2;55.0;25.19;47.42
2019-07-24 09:00:00;31.2;33.0;35.03;32.91
2019-07-24 12:00:00;33.6;39.0;44.04;23.17
2019-07-24 15:00:00;34.2;34.0;44.53;22.17
2019-07-24 18:00:00;32.6;37.0;36.38;27.58
2019-07-24 21:00:00;27.2;47.0;30.29;34.08
2019-07-25 00:00:00;25.4;65.0;26.73;44.42
2019-07-25 03:00:00;23.8;70.0;24.98;56.5
2019-07-25 06:00:00;24.9;64.0;25.68;58.18
2019-07-25 09:00:00;32.7;44.0;34.32;41.75
2019-07-25 12:00:00;39.6;23.0;45.68;22.92
2019-07-25 15:00:00;41.4;18.0;47.42;15.27
2019-07-25 18:00:00;38.0;27.0;41.54;19.17
2019-07-25 21:00:00;31.7;36.0;35.98;27.08
2019-07-26 00:00:00;25.3;60.0;27.26;48.58
2019-07-26 03:00:00;24.9;58.0;25.17;56.5
2019-07-26 06:00:00;24.0;68.0;25.38;55.75
2019-07-26 09:00:00;26.3;65.0;30.93;49.83
2019-07-26 12:00:00;29.1;48.0;39.5;31.82
2019-07-26 15:00:00;29.4;45.0;39.52;27.0
2019-07-26 18:00:00;26.8;52.0;33.11;35.08
2019-07-26 21:00:00;21.2;73.0;26.41;46.73
2019-07-27 00:00:00;18.5;85.0;22.16;57.67
2019-07-27 03:00:00;17.9;94.0;20.13;68.42
2019-07-27 06:00:00;18.0;98.0;18.78;82.5
2019-07-27 09:00:00;20.0;87.0;21.31;85.58
2019-07-27 12:00:00;18.9;93.0;21.7;87.58
2019-07-27 15:00:00;18.7;96.0;20.27;91.33
2019-07-27 18:00:00;18.7;96.0;20.23;92.0
2019-07-27 21:00:00;17.2;97.0;20.23;92.0
2019-07-28 00:00:00;16.9;94.0;17.14;96.14
2019-07-28 03:00:00;16.4;97.0;16.87;96.09
2019-07-28 06:00:00;16.5;90.0;16.77;96.92
2019-07-28 09:00:00;17.3;82.0;18.53;95.17
2019-07-28 12:00:00;19.7;73.0;20.61;92.25
2019-07-28 15:00:00;20.5;67.0;21.06;90.58
2019-07-28 18:00:00;20.2;64.0;20.08;90.25
2019-07-28 21:00:00;16.6;79.0;16.3;92.58
2019-07-29 00:00:00;13.8;91.0;14.34;94.73
2019-07-29 03:00:00;12.8;95.0;13.24;96.0
2019-07-29 06:00:00;15.3;88.0;14.49;80.67
2019-07-29 09:00:00;21.2;48.0;25.6;80.33
2019-07-29 12:00:00;24.1;42.0;32.41;57.0
2019-07-29 15:00:00;26.6;35.0;31.92;45.33
2019-07-29 18:00:00;25.6;37.0;25.27;49.33
2019-07-29 21:00:00;19.9;60.0;21.47;54.42
2019-07-30 00:00:00;17.3;67.0;18.94;61.33
2019-07-30 03:00:00;16.4;71.0;17.13;67.42
2019-07-30 06:00:00;18.8;68.0;17.95;69.73
2019-07-30 09:00:00;22.6;53.0;26.53;51.58
2019-07-30 12:00:00;25.3;45.0;30.11;39.33
2019-07-30 15:00:00;24.7;42.0;28.54;37.83
2019-07-30 18:00:00;20.2;62.0;24.53;44.36
2019-07-30 21:00:00;17.5;80.0;19.62;60.5
2019-07-31 00:00:00;16.1;83.0;17.28;70.58
2019-07-31 03:00:00;16.2;83.0;16.18;77.5
2019-07-31 06:00:00;16.4;84.0;15.87;86.67
2019-07-31 09:00:00;19.2;63.0;20.05;84.08
2019-07-31 12:00:00;21.0;55.0;22.55;76.67
2019-07-31 15:00:00;20.0;57.0;21.61;78.09
2019-07-31 18:00:00;19.9;49.0;18.36;81.75
2019-07-31 21:00:00;17.9;69.0;16.55;84.67
2019-08-01 00:00:00;15.6;77.0;14.95;88.09
2019-08-01 03:00:00;16.8;81.0;14.53;89.92
2019-08-01 06:00:00;16.5;87.0;15.94;91.5
2019-08-01 09:00:00;21.4;63.0;25.67;78.42
2019-08-01 12:00:00;23.1;57.0;29.51;66.17
2019-08-01 15:00:00;23.7;50.0;27.84;60.83
2019-08-01 18:00:00;23.5;47.0;24.25;63.33
2019-08-01 21:00:00;18.6;71.0;19.65;70.18
2019-08-02 00:00:00;15.4;85.0;16.41;75.0
2019-08-02 03:00:00;13.7;90.0;14.78;80.25
2019-08-02 06:00:00;15.1;89.0;15.39;82.45
2019-08-02 09:00:00;20.7;68.0;24.13;73.58
2019-08-02 12:00:00;22.8;57.0;31.48;52.42
2019-08-02 15:00:00;22.4;61.0;30.08;47.83
2019-08-02 18:00:00;20.7;65.0;23.14;58.42
2019-08-02 21:00:00;17.5;84.0;18.27;70.58
2019-08-03 00:00:00;16.2;90.0;15.66;76.83
2019-08-03 03:00:00;14.7;96.0;14.69;79.82
2019-08-03 06:00:00;16.9;88.0;16.28;81.33
2019-08-03 09:00:00;19.9;71.0;21.24;78.17
2019-08-03 12:00:00;22.6;59.0;26.64;66.58
2019-08-03 15:00:00;23.0;58.0;29.0;52.91
2019-08-03 18:00:00;21.8;63.0;25.42;54.83
2019-08-03 21:00:00;19.0;73.0;21.0;63.33
2019-08-04 00:00:00;17.4;81.0;18.49;69.42
2019-08-04 03:00:00;16.6;83.0;17.65;73.25
2019-08-04 06:00:00;17.2;85.0;17.59;76.0
2019-08-04 09:00:00;22.0;61.0;26.73;61.36
2019-08-04 12:00:00;26.1;45.0;34.82;40.0
2019-08-04 15:00:00;26.7;42.0;34.88;33.75
2019-08-04 18:00:00;26.4;42.0;30.81;35.83
2019-08-04 21:00:00;22.4;61.0;26.55;42.45
2019-08-05 00:00:00;20.1;68.0;23.42;51.75
2019-08-05 03:00:00;17.9;84.0;20.03;61.92
2019-08-05 06:00:00;16.8;85.0;18.28;70.67
2019-08-05 09:00:00;21.6;54.0;27.22;51.75
2019-08-05 12:00:00;24.5;45.0;33.82;32.67
2019-08-05 15:00:00;25.0;52.0;31.96;34.42
2019-08-05 18:00:00;23.1;63.0;27.64;44.36
2019-08-05 21:00:00;18.4;85.0;22.27;57.83
2019-08-06 00:00:00;16.5;83.0;18.51;64.67
2019-08-06 03:00:00;15.0;95.0;15.89;71.55
2019-08-06 06:00:00;16.2;90.0;16.04;75.83
2019-08-06 09:00:00;20.4;58.0;25.88;56.33
2019-08-06 12:00:00;22.2;50.0;30.04;37.25
2019-08-06 15:00:00;23.3;52.0;29.18;38.25
2019-08-06 18:00:00;22.3;54.0;26.1;44.08
2019-08-06 21:00:00;18.0;69.0;20.72;54.33
2019-08-07 00:00:00;16.0;78.0;17.89;62.45
2019-08-07 03:00:00;16.7;79.0;17.05;69.17
2019-08-07 06:00:00;16.7;81.0;17.02;73.42
2019-08-07 09:00:00;20.5;62.0;25.55;56.36
2019-08-07 12:00:00;23.2;50.0;30.53;38.5
2019-08-07 15:00:00;24.3;43.0;31.59;30.75
2019-08-07 18:00:00;21.9;48.0;24.48;40.08
2019-08-07 21:00:00;17.1;70.0;19.61;52.17
2019-08-08 00:00:00;14.6;84.0;16.37;64.5
2019-08-08 03:00:00;14.4;88.0;14.7;73.5
2019-08-08 06:00:00;16.0;87.0;15.66;76.27
2019-08-08 09:00:00;16.5;87.0;20.01;73.25
2019-08-08 12:00:00;21.7;66.0;29.17;51.33
2019-08-08 15:00:00;24.2;53.0;30.67;42.0
2019-08-08 18:00:00;23.8;55.0;28.01;43.73
2019-08-08 21:00:00;20.4;68.0;23.65;52.25
2019-08-09 00:00:00;19.8;75.0;21.72;59.58
2019-08-09 03:00:00;19.5;77.0;20.51;67.92
2019-08-09 06:00:00;21.9;68.0;21.73;66.33
2019-08-09 09:00:00;21.0;87.0;21.1;77.0
2019-08-09 12:00:00;23.9;80.0;25.05;80.08
2019-08-09 15:00:00;24.8;72.0;25.38;79.18
2019-08-09 18:00:00;24.5;54.0;23.18;73.92
2019-08-09 21:00:00;21.3;71.0;20.39;79.75
2019-08-10 00:00:00;19.9;76.0;19.13;86.55
2019-08-10 03:00:00;19.7;67.0;18.62;84.08
2019-08-10 06:00:00;19.3;70.0;18.2;84.92
2019-08-10 09:00:00;21.9;53.0;21.59;73.92
2019-08-10 12:00:00;23.4;43.0;25.48;55.67
2019-08-10 15:00:00;24.9;39.0;27.28;45.0
2019-08-10 18:00:00;21.9;51.0;22.52;55.5
2019-08-10 21:00:00;18.2;67.0;18.12;67.55
2019-08-11 00:00:00;16.3;82.0;16.05;77.58
2019-08-11 03:00:00;15.1;85.0;14.8;83.5
2019-08-11 06:00:00;15.1;78.0;14.72;85.92
2019-08-11 09:00:00;18.0;68.0;19.34;76.36
2019-08-11 12:00:00;19.8;53.0;23.22;61.17
2019-08-11 15:00:00;20.4;50.0;23.58;54.17
2019-08-11 18:00:00;20.5;48.0;21.68;55.5
2019-08-11 21:00:00;17.3;68.0;17.86;65.08
2019-08-12 00:00:00;14.7;84.0;15.33;73.17
2019-08-12 03:00:00;13.4;86.0;14.15;78.82
2019-08-12 06:00:00;13.6;87.0;13.93;82.17
2019-08-12 09:00:00;19.4;59.0;23.6;65.5
2019-08-12 12:00:00;16.0;84.0;22.26;59.75
2019-08-12 15:00:00;20.1;56.0;24.49;56.91
2019-08-12 18:00:00;17.6;68.0;21.47;55.67
2019-08-12 21:00:00;14.2;79.0;16.41;62.92
2019-08-13 00:00:00;12.2;90.0;13.78;71.33
2019-08-13 03:00:00;11.2;92.0;11.46;77.5
2019-08-13 06:00:00;12.5;86.0;11.91;80.33
2019-08-13 09:00:00;17.5;62.0;21.6;62.25
2019-08-13 12:00:00;16.6;71.0;22.02;52.82
2019-08-13 15:00:00;18.7;54.0;24.28;45.08
2019-08-13 18:00:00;18.6;52.0;20.2;49.5
2019-08-13 21:00:00;14.5;71.0;16.0;57.91
2019-08-14 00:00:00;11.0;89.0;13.33;66.08
2019-08-14 03:00:00;10.0;95.0;11.74;74.42
2019-08-14 06:00:00;11.5;95.0;12.3;78.0
2019-08-14 09:00:00;17.7;69.0;21.96;63.08
2019-08-14 12:00:00;19.5;61.0;24.58;49.67
2019-08-14 15:00:00;19.1;74.0;21.1;64.17
2019-08-14 18:00:00;17.9;84.0;18.86;71.82
2019-08-14 21:00:00;17.2;82.0;16.84;81.83
2019-08-15 00:00:00;16.8;87.0;16.25;88.0
2019-08-15 03:00:00;16.9;89.0;16.35;90.17
2019-08-15 06:00:00;16.7;92.0;16.6;91.36
2019-08-15 09:00:00;17.6;81.0;20.57;88.0
2019-08-15 12:00:00;19.4;75.0;22.73;79.08
2019-08-15 15:00:00;21.1;58.0;25.82;60.42
2019-08-15 18:00:00;19.5;65.0;20.63;69.42
2019-08-15 21:00:00;16.3;80.0;16.4;80.33
2019-08-16 00:00:00;15.1;90.0;14.59;86.25
2019-08-16 03:00:00;14.4;94.0;13.83;88.45
2019-08-16 06:00:00;14.4;96.0;13.99;89.92
2019-08-16 09:00:00;18.5;74.0;20.33;83.25
2019-08-16 12:00:00;21.9;52.0;26.37;58.18
2019-08-16 15:00:00;23.0;50.0;26.15;51.75
2019-08-16 18:00:00;22.1;54.0;22.34;58.5
2019-08-16 21:00:00;18.4;78.0;18.47;70.92
2019-08-17 00:00:00;18.0;74.0;17.23;80.25
2019-08-17 03:00:00;17.3;82.0;17.18;83.92
2019-08-17 06:00:00;17.3;86.0;17.39;87.0
2019-08-17 09:00:00;19.9;79.0;19.88;85.27
2019-08-17 12:00:00;20.9;78.0;22.27;79.17
2019-08-17 15:00:00;18.4;85.0;21.19;79.92
2019-08-17 18:00:00;18.4;73.0;20.02;76.27
2019-08-17 21:00:00;16.3;84.0;17.63;79.42
2019-08-18 00:00:00;16.1;87.0;16.41;82.67
2019-08-18 03:00:00;15.8;93.0;15.57;87.08
2019-08-18 06:00:00;14.8;97.0;15.11;90.33
2019-08-18 09:00:00;16.4;89.0;16.87;90.75
2019-08-18 12:00:00;19.1;74.0;21.42;87.58
2019-08-18 15:00:00;21.2;54.0;23.94;78.55
2019-08-18 18:00:00;18.9;59.0;18.03;84.5
2019-08-18 21:00:00;15.0;76.0;14.0;89.67
2019-08-19 00:00:00;13.1;87.0;12.54;92.58
2019-08-19 03:00:00;12.5;87.0;11.68;93.73
2019-08-19 06:00:00;13.6;87.0;11.73;95.92
2019-08-19 09:00:00;18.2;66.0;18.81;87.83
2019-08-19 12:00:00;19.0;57.0;23.12;75.0
2019-08-19 15:00:00;21.4;47.0;23.94;64.92
2019-08-19 18:00:00;19.0;53.0;18.52;68.58
2019-08-19 21:00:00;15.2;76.0;14.61;77.67
2019-08-20 00:00:00;12.5;88.0;12.7;83.91
2019-08-20 03:00:00;12.0;90.0;11.28;86.25
2019-08-20 06:00:00;11.8;94.0;11.44;88.17
2019-08-20 09:00:00;18.3;69.0;21.65;76.45
2019-08-20 12:00:00;20.9;49.0;28.37;52.33
2019-08-20 15:00:00;21.8;45.0;28.77;42.17
2019-08-20 18:00:00;19.4;46.0;20.7;51.83
2019-08-20 21:00:00;13.4;69.0;15.34;61.42
2019-08-21 00:00:00;10.8;84.0;12.56;69.0
2019-08-21 03:00:00;9.2;92.0;10.96;75.08
2019-08-21 06:00:00;10.3;91.0;10.6;78.91
2019-08-21 09:00:00;18.2;68.0;22.17;68.92
2019-08-21 12:00:00;21.6;43.0;31.16;44.75
2019-08-21 15:00:00;22.9;38.0;31.51;35.58
2019-08-21 18:00:00;21.5;41.0;23.7;42.36
2019-08-21 21:00:00;15.6;59.0;18.81;48.0
2019-08-22 00:00:00;12.2;82.0;14.27;57.92
2019-08-22 03:00:00;10.1;92.0;12.08;64.67
2019-08-22 06:00:00;11.2;92.0;11.94;70.08
2019-08-22 09:00:00;19.2;59.0;24.03;58.25
2019-08-22 12:00:00;24.0;42.0;34.5;33.0
2019-08-22 15:00:00;24.7;37.0;34.75;24.58
2019-08-22 18:00:00;22.2;43.0;25.48;34.5
2019-08-22 21:00:00;15.4;68.0;19.55;43.67
2019-08-23 00:00:00;12.6;82.0;15.79;51.45
2019-08-23 03:00:00;10.3;90.0;12.53;57.25
2019-08-23 06:00:00;11.4;89.0;11.49;61.5
2019-08-23 09:00:00;21.1;48.0;25.47;50.08
2019-08-23 12:00:00;25.3;39.0;35.54;28.67
2019-08-23 15:00:00;27.5;34.0;35.69;24.5
2019-08-23 18:00:00;25.5;43.0;27.95;33.36
2019-08-23 21:00:00;21.2;59.0;23.34;43.83
2019-08-24 00:00:00;19.2;67.0;19.89;53.83
2019-08-24 03:00:00;15.3;83.0;16.9;60.0
2019-08-24 06:00:00;15.2;83.0;15.71;65.09
2019-08-24 09:00:00;24.6;51.0;28.04;50.75
2019-08-24 12:00:00;28.9;35.0;38.59;26.17
2019-08-24 15:00:00;29.8;32.0;39.17;21.58
2019-08-24 18:00:00;28.0;40.0;31.07;29.0
2019-08-24 21:00:00;21.7;60.0;25.82;36.92
2019-08-25 00:00:00;19.0;71.0;21.99;44.33
2019-08-25 03:00:00;16.9;81.0;19.05;51.45
2019-08-25 06:00:00;17.3;84.0;18.86;56.0
2019-08-25 09:00:00;27.9;45.0;31.05;45.42
2019-08-25 12:00:00;30.5;36.0;40.91;26.91
2019-08-25 15:00:00;32.0;28.0;41.67;20.0
2019-08-25 18:00:00;29.3;37.0;33.02;26.83
2019-08-25 21:00:00;24.7;53.0;27.18;37.75
2019-08-26 00:00:00;20.6;68.0;23.46;47.67
2019-08-26 03:00:00;17.4;80.0;20.01;53.5
2019-08-26 06:00:00;17.5;77.0;18.48;58.25
2019-08-26 09:00:00;28.4;43.0;32.22;44.45
2019-08-26 12:00:00;31.4;33.0;41.73;23.5
2019-08-26 15:00:00;32.1;35.0;40.23;22.58
2019-08-26 18:00:00;30.1;41.0;33.95;30.09
2019-08-26 21:00:00;26.0;54.0;28.91;40.92
2019-08-27 00:00:00;23.5;66.0;25.55;53.17
2019-08-27 03:00:00;20.5;78.0;23.14;58.42
2019-08-27 06:00:00;20.3;81.0;21.51;61.75
2019-08-27 09:00:00;28.1;55.0;32.5;49.25
2019-08-27 12:00:00;32.8;32.0;42.96;25.92
2019-08-27 15:00:00;33.5;28.0;41.2;21.0
2019-08-27 18:00:00;30.2;37.0;34.91;26.0
2019-08-27 21:00:00;24.6;55.0;29.74;33.33
2019-08-28 00:00:00;22.2;71.0;25.79;43.55
2019-08-28 03:00:00;20.8;72.0;23.08;54.08
2019-08-28 06:00:00;19.9;77.0;21.79;60.25
2019-08-28 09:00:00;23.2;62.0;25.81;56.67
2019-08-28 12:00:00;27.9;47.0;34.76;37.83
2019-08-28 15:00:00;27.7;52.0;35.2;34.75
2019-08-28 18:00:00;22.5;64.0;28.01;45.6
2019-08-28 21:00:00;19.6;74.0;22.69;54.73
2019-08-29 00:00:00;18.3;88.0;20.07;64.25
2019-08-29 03:00:00;18.3;91.0;19.12;71.75
2019-08-29 06:00:00;18.1;87.0;18.25;77.18
2019-08-29 09:00:00;18.7;70.0;20.68;70.83
2019-08-29 12:00:00;21.2;51.0;27.3;48.92
2019-08-29 15:00:00;22.8;43.0;29.93;34.92
2019-08-29 18:00:00;20.7;48.0;23.11;41.25
2019-08-29 21:00:00;14.1;71.0;17.82;49.83
2019-08-30 00:00:00;10.8;88.0;14.51;59.67
2019-08-30 03:00:00;10.0;94.0;12.8;66.82
2019-08-30 06:00:00;10.8;93.0;12.23;72.5
2019-08-30 09:00:00;18.9;65.0;23.05;61.5
2019-08-30 12:00:00;23.2;39.0;33.73;33.42
2019-08-30 15:00:00;26.0;31.0;35.1;24.09
2019-08-30 18:00:00;24.1;34.0;26.55;30.17
2019-08-30 21:00:00;18.3;72.0;21.18;42.83
2019-08-31 00:00:00;15.0;85.0;17.72;58.17
2019-08-31 03:00:00;12.8;82.0;15.59;63.58
2019-08-31 06:00:00;12.8;79.0;14.55;65.25
2019-08-31 09:00:00;23.7;43.0;26.36;45.25
2019-08-31 12:00:00;29.2;35.0;33.93;29.82
2019-08-31 15:00:00;28.4;38.0;35.38;28.67
2019-08-31 18:00:00;19.1;61.0;25.57;40.83
2019-08-31 21:00:00;17.0;78.0;19.79;54.91
2019-09-01 00:00:00;16.9;73.0;18.27;62.67
2019-09-01 03:00:00;14.5;81.0;15.63;67.08
2019-09-01 06:00:00;14.0;84.0;14.92;69.0
2019-09-01 09:00:00;18.5;57.0;21.46;60.08
2019-09-01 12:00:00;21.3;38.0;28.01;39.58
2019-09-01 15:00:00;21.9;37.0;29.76;28.42
2019-09-01 18:00:00;18.0;47.0;21.92;36.45
2019-09-01 21:00:00;14.3;65.0;17.57;44.58
2019-09-02 00:00:00;11.9;79.0;14.53;54.75
2019-09-02 03:00:00;10.0;90.0;11.78;61.0
2019-09-02 06:00:00;9.7;90.0;10.38;64.5
2019-09-02 09:00:00;17.7;50.0;21.58;53.25
2019-09-02 12:00:00;20.8;34.0;32.14;28.08
2019-09-02 15:00:00;21.8;33.0;32.18;21.25
2019-09-02 18:00:00;19.0;49.0;23.93;32.08
2019-09-02 21:00:00;16.1;67.0;19.07;45.5
2019-09-03 00:00:00;14.5;81.0;16.16;58.91
2019-09-03 03:00:00;13.5;86.0;15.09;67.33
2019-09-03 06:00:00;15.0;83.0;15.67;71.67
2019-09-03 09:00:00;17.3;72.0;19.46;68.08
2019-09-03 12:00:00;18.8;64.0;22.02;57.45
2019-09-03 15:00:00;18.6;65.0;21.87;56.09
2019-09-03 18:00:00;18.6;55.0;20.42;53.92
2019-09-03 21:00:00;16.4;70.0;17.38;59.42
2019-09-04 00:00:00;13.6;83.0;15.5;66.33
2019-09-04 03:00:00;12.4;85.0;13.58;73.08
2019-09-04 06:00:00;14.4;78.0;14.05;76.42
2019-09-04 09:00:00;18.6;59.0;21.35;60.55
2019-09-04 12:00:00;16.9;82.0;20.28;61.42
2019-09-04 15:00:00;19.6;76.0;19.05;78.17
2019-09-04 18:00:00;17.5;58.0;17.18;75.82
2019-09-04 21:00:00;14.5;78.0;13.54;81.67
2019-09-05 00:00:00;12.5;85.0;12.03;86.33
2019-09-05 03:00:00;11.5;86.0;11.11;87.83
2019-09-05 06:00:00;11.8;85.0;11.02;88.92
2019-09-05 09:00:00;16.4;58.0;16.78;80.58
2019-09-05 12:00:00;17.7;46.0;20.7;63.5
2019-09-05 15:00:00;17.8;43.0;22.14;50.91
2019-09-05 18:00:00;14.2;52.0;15.38;57.75
2019-09-05 21:00:00;9.7;70.0;10.58;64.58
2019-09-06 00:00:00;7.6;78.0;8.56;69.91
2019-09-06 03:00:00;6.0;87.0;7.0;74.58
2019-09-06 06:00:00;7.2;78.0;7.21;77.83
2019-09-06 09:00:00;16.1;51.0;16.93;66.92
2019-09-06 12:00:00;19.1;48.0;24.16;49.17
2019-09-06 15:00:00;19.0;52.0;22.33;51.0
2019-09-06 18:00:00;15.1;81.0;16.8;67.17
2019-09-06 21:00:00;13.8;94.0;14.36;81.27
2019-09-07 00:00:00;13.3;97.0;13.44;85.67
2019-09-07 03:00:00;12.8;94.0;12.53;86.0
2019-09-07 06:00:00;10.4;97.0;10.73;88.17
2019-09-07 09:00:00;16.1;75.0;16.79;84.36
2019-09-07 12:00:00;17.6;59.0;21.86;73.83
2019-09-07 15:00:00;16.6;63.0;22.33;60.5
2019-09-07 18:00:00;14.2;86.0;16.02;73.67
2019-09-07 21:00:00;13.0;84.0;13.18;81.5
2019-09-08 00:00:00;12.1;93.0;12.25;83.42
2019-09-08 03:00:00;9.0;93.0;9.78;85.0
2019-09-08 06:00:00;9.9;90.0;9.43;86.58
2019-09-08 09:00:00;14.3;72.0;14.63;83.92
2019-09-08 12:00:00;15.9;57.0;20.27;73.92
2019-09-08 15:00:00;15.3;72.0;17.32;80.91
2019-09-08 18:00:00;14.1;69.0;14.86;82.0
2019-09-08 21:00:00;9.7;87.0;10.43;84.58
2019-09-09 00:00:00;8.4;96.0;8.51;87.0
2019-09-09 03:00:00;6.9;97.0;7.18;88.75
2019-09-09 06:00:00;6.7;98.0;7.28;89.92
2019-09-09 09:00:00;13.7;72.0;13.42;87.08
2019-09-09 12:00:00;15.7;55.0;18.79;76.73
2019-09-09 15:00:00;16.8;51.0;18.53;70.67
2019-09-09 18:00:00;15.5;61.0;16.11;71.42
2019-09-09 21:00:00;12.2;75.0;12.76;77.64
2019-09-10 00:00:00;11.0;76.0;10.28;80.17
2019-09-10 03:00:00;11.3;75.0;9.07;81.25
2019-09-10 06:00:00;8.2;89.0;7.97;83.25
2019-09-10 09:00:00;17.1;54.0;18.29;74.5
2019-09-10 12:00:00;20.4;42.0;29.78;51.75
2019-09-10 15:00:00;20.0;46.0;27.45;47.92
2019-09-10 18:00:00;17.8;55.0;21.08;56.64
2019-09-10 21:00:00;12.8;74.0;15.78;64.75
2019-09-11 00:00:00;11.0;84.0;13.09;71.58
2019-09-11 03:00:00;12.1;89.0;12.88;76.09
2019-09-11 06:00:00;13.7;90.0;13.39;81.25
2019-09-11 09:00:00;15.9;84.0;15.28;84.45
2019-09-11 12:00:00;18.1;66.0;19.14;76.25
2019-09-11 15:00:00;19.2;67.0;20.88;70.25
2019-09-11 18:00:00;18.1;82.0;18.72;80.08
2019-09-11 21:00:00;16.9;97.0;17.52;86.83
2019-09-12 00:00:00;17.3;95.0;17.3;90.18
2019-09-12 03:00:00;17.2;94.0;17.14;91.75
2019-09-12 06:00:00;17.0;93.0;16.95;92.67
2019-09-12 09:00:00;19.2;69.0;21.79;84.36
2019-09-12 12:00:00;23.1;55.0;29.83;54.08
2019-09-12 15:00:00;21.0;72.0;25.65;60.75
2019-09-12 18:00:00;19.2;79.0;21.88;71.58
2019-09-12 21:00:00;17.3;82.0;18.07;79.42
2019-09-13 00:00:00;17.8;81.0;17.43;83.92
2019-09-13 03:00:00;16.4;83.0;16.65;85.25
2019-09-13 06:00:00;17.0;84.0;16.93;85.0
2019-09-13 09:00:00;18.0;92.0;19.11;84.67
2019-09-13 12:00:00;21.1;69.0;24.73;75.58
2019-09-13 15:00:00;22.0;55.0;27.79;55.55
2019-09-13 18:00:00;18.5;68.0;21.83;58.67
2019-09-13 21:00:00;15.2;79.0;16.71;70.0
2019-09-14 00:00:00;13.7;82.0;13.37;76.25
2019-09-14 03:00:00;12.9;86.0;11.88;79.67
2019-09-14 06:00:00;11.7;91.0;10.65;81.75
2019-09-14 09:00:00;18.0;68.0;20.22;72.92
2019-09-14 12:00:00;22.4;45.0;31.62;41.82
2019-09-14 15:00:00;23.4;39.0;32.43;31.08
2019-09-14 18:00:00;20.3;45.0;23.62;38.25
2019-09-14 21:00:00;17.3;58.0;18.35;45.67
2019-09-15 00:00:00;11.9;78.0;14.44;52.45
2019-09-15 03:00:00;10.5;87.0;11.67;58.0
2019-09-15 06:00:00;8.9;97.0;10.53;63.17
2019-09-15 09:00:00;19.5;57.0;19.9;59.5
2019-09-15 12:00:00;24.2;44.0;33.27;36.25
2019-09-15 15:00:00;26.1;28.0;34.26;24.67
2019-09-15 18:00:00;21.7;44.0;25.19;31.55
2019-09-15 21:00:00;16.2;63.0;19.93;40.42
2019-09-16 00:00:00;14.7;70.0;17.49;47.58
2019-09-16 03:00:00;14.0;73.0;15.82;53.42
2019-09-16 06:00:00;14.0;79.0;15.47;58.91
2019-09-16 09:00:00;18.1;80.0;18.88;64.0
2019-09-16 12:00:00;21.0;68.0;24.39;59.67
2019-09-16 15:00:00;20.5;72.0;24.56;57.08
2019-09-16 18:00:00;18.0;81.0;20.41;65.0
2019-09-16 21:00:00;16.9;85.0;18.78;69.42
2019-09-17 00:00:00;15.6;81.0;17.06;73.0
2019-09-17 03:00:00;14.6;82.0;15.78;74.82
2019-09-17 06:00:00;14.6;84.0;15.28;75.58
2019-09-17 09:00:00;16.6;63.0;18.84;71.75
2019-09-17 12:00:00;19.8;49.0;26.2;51.45
2019-09-17 15:00:00;18.0;54.0;26.61;38.5
2019-09-17 18:00:00;15.2;61.0;18.91;46.5
2019-09-17 21:00:00;13.4;68.0;14.47;55.75
2019-09-18 00:00:00;10.6;75.0;11.07;61.75
2019-09-18 03:00:00;9.1;80.0;8.57;65.08
2019-09-18 06:00:00;8.9;86.0;9.04;67.33
2019-09-18 09:00:00;15.9;50.0;17.41;57.9
2019-09-18 12:00:00;17.8;45.0;23.58;39.83
2019-09-18 15:00:00;17.5;47.0;24.44;33.92
2019-09-18 18:00:00;15.1;56.0;17.86;43.27
2019-09-18 21:00:00;12.7;69.0;13.78;54.33
2019-09-19 00:00:00;10.5;78.0;11.17;61.58
2019-09-19 03:00:00;9.6;82.0;10.14;67.25
2019-09-19 06:00:00;9.8;82.0;9.9;70.1
2019-09-19 09:00:00;15.1;57.0;16.85;61.33
2019-09-19 12:00:00;17.3;51.0;23.74;39.25
2019-09-19 15:00:00;17.7;49.0;23.32;38.18
2019-09-19 18:00:00;15.8;58.0;18.05;48.17
2019-09-19 21:00:00;12.7;73.0;14.21;58.25
2019-09-20 00:00:00;11.1;77.0;11.76;66.0
2019-09-20 03:00:00;9.9;77.0;9.84;69.75
2019-09-20 06:00:00;8.6;80.0;8.66;72.92
2019-09-20 09:00:00;15.5;46.0;16.18;59.92
2019-09-20 12:00:00;19.8;33.0;27.26;28.42
2019-09-20 15:00:00;21.7;28.0;27.81;22.58
2019-09-20 18:00:00;18.3;41.0;20.02;34.33
2019-09-20 21:00:00;14.9;45.0;16.25;41.55
2019-09-21 00:00:00;12.9;53.0;13.28;47.0
2019-09-21 03:00:00;10.4;60.0;10.99;52.92
2019-09-21 06:00:00;8.8;67.0;9.3;57.0
2019-09-21 09:00:00;17.1;43.0;16.04;49.33
2019-09-21 12:00:00;24.6;39.0;28.62;31.08
2019-09-21 15:00:00;27.2;38.0;31.97;29.25
2019-09-21 18:00:00;22.6;47.0;25.87;37.83
2019-09-21 21:00:00;20.5;56.0;22.18;46.33
2019-09-22 00:00:00;16.5;66.0;19.11;54.0
2019-09-22 03:00:00;16.1;63.0;17.39;56.73
2019-09-22 06:00:00;16.4;67.0;16.98;59.75
2019-09-22 09:00:00;22.3;56.0;22.95;54.67
2019-09-22 12:00:00;25.8;50.0;30.38;40.5
2019-09-22 15:00:00;16.8;92.0;24.56;54.82
2019-09-22 18:00:00;16.5;93.0;18.27;78.75
2019-09-22 21:00:00;15.7;94.0;15.98;86.75
2019-09-23 00:00:00;16.0;92.0;15.58;90.5
2019-09-23 03:00:00;14.2;94.0;14.38;92.0
2019-09-23 06:00:00;13.0;92.0;13.0;94.25
2019-09-23 09:00:00;17.1;76.0;17.95;90.45
2019-09-23 12:00:00;18.8;62.0;23.12;77.42
2019-09-23 15:00:00;21.4;49.0;23.97;66.25
2019-09-23 18:00:00;18.0;64.0;18.77;72.17
2019-09-23 21:00:00;17.3;67.0;16.59;78.09
2019-09-24 00:00:00;16.9;70.0;16.3;80.25
2019-09-24 03:00:00;16.2;82.0;15.81;84.17
2019-09-24 06:00:00;15.1;90.0;15.05;91.25
2019-09-24 09:00:00;15.7;82.0;15.54;90.08
2019-09-24 12:00:00;15.2;96.0;15.12;94.92
2019-09-24 15:00:00;15.8;95.0;15.63;96.0
2019-09-24 18:00:00;15.4;95.0;15.63;96.0
2019-09-24 21:00:00;13.9;92.0;15.63;96.0
2019-09-25 00:00:00;14.2;91.0;15.63;96.0
2019-09-25 03:00:00;14.1;93.0;15.63;96.0
2019-09-25 06:00:00;13.1;91.0;15.63;96.0
2019-09-25 09:00:00;13.7;94.0;15.63;96.0
2019-09-25 12:00:00;16.3;88.0;15.63;96.0
2019-09-25 15:00:00;16.9;84.0;15.63;96.0
2019-09-25 18:00:00;15.9;87.0;15.63;96.0
2019-09-25 21:00:00;15.4;85.0;15.63;96.0
2019-09-26 00:00:00;14.8;94.0;15.63;96.0
2019-09-26 03:00:00;15.5;92.0;15.63;96.0
2019-09-26 06:00:00;15.9;91.0;15.63;96.0
2019-09-26 09:00:00;16.7;94.0;15.63;96.0
2019-09-26 12:00:00;20.3;72.0;15.63;96.0
2019-09-26 15:00:00;17.9;91.0;15.63;96.0
2019-09-26 18:00:00;14.9;93.0;15.63;96.0
2019-09-26 21:00:00;14.5;92.0;15.63;96.0
2019-09-27 00:00:00;13.7;93.0;15.63;96.0
2019-09-27 03:00:00;13.8;92.0;15.63;96.0
2019-09-27 06:00:00;12.5;93.0;15.63;96.0
2019-09-27 09:00:00;15.7;77.0;15.63;96.0
2019-09-27 12:00:00;18.2;62.0;15.63;96.0
2019-09-27 15:00:00;17.6;71.0;15.63;96.0
2019-09-27 18:00:00;16.0;78.0;15.63;96.0
2019-09-27 21:00:00;15.0;82.0;15.63;96.0
2019-09-28 00:00:00;14.0;86.0;15.63;96.0
2019-09-28 03:00:00;13.5;90.0;15.63;96.0
2019-09-28 06:00:00;13.3;90.0;15.63;96.0
2019-09-28 09:00:00;15.7;82.0;15.63;96.0
2019-09-28 12:00:00;15.7;85.0;15.63;96.0
2019-09-28 15:00:00;17.4;70.0;15.63;96.0
2019-09-28 18:00:00;15.4;77.0;15.63;96.0
2019-09-28 21:00:00;14.9;73.0;15.63;96.0
2019-09-29 00:00:00;14.7;78.0;15.63;96.0
2019-09-29 03:00:00;15.1;75.0;15.63;96.0
2019-09-29 06:00:00;13.6;87.0;15.63;96.0
2019-09-29 09:00:00;15.6;83.0;15.63;96.0
2019-09-29 12:00:00;19.0;76.0;15.63;96.0
2019-09-29 15:00:00;17.6;91.0;15.63;96.0
2019-09-29 18:00:00;16.1;83.0;15.63;96.0
2019-09-29 21:00:00;16.3;76.0;15.63;96.0
2019-09-30 00:00:00;14.1;79.0;15.63;96.0
2019-09-30 03:00:00;12.7;85.0;15.63;96.0
2019-09-30 06:00:00;10.6;91.0;15.63;96.0
2019-09-30 09:00:00;15.0;78.0;15.63;96.0
2019-09-30 12:00:00;17.4;66.0;15.63;96.0
2019-09-30 15:00:00;16.9;72.0;20.5;63.75
2019-09-30 18:00:00;15.8;84.0;16.6;74.55
2019-09-30 21:00:00;15.3;81.0;14.95;81.5
2019-10-01 00:00:00;15.3;87.0;14.33;86.17
2019-10-01 03:00:00;16.2;88.0;15.34;88.33
2019-10-01 06:00:00;15.4;89.0;15.41;90.5
2019-10-01 09:00:00;14.4;97.0;15.18;91.08
2019-10-01 12:00:00;18.5;77.0;19.42;89.0
2019-10-01 15:00:00;18.3;74.0;19.07;90.58
2019-10-01 18:00:00;16.3;85.0;16.33;92.58
2019-10-01 21:00:00;14.9;89.0;14.85;93.36
2019-10-02 00:00:00;14.2;93.0;14.02;94.75
2019-10-02 03:00:00;11.6;82.0;12.17;95.25
2019-10-02 06:00:00;11.4;81.0;10.73;95.08
2019-10-02 09:00:00;13.2;57.0;13.05;94.83
2019-10-02 12:00:00;14.1;60.0;19.48;81.92
2019-10-02 15:00:00;12.3;51.0;16.48;77.92
2019-10-02 18:00:00;9.8;62.0;10.14;80.36
2019-10-02 21:00:00;6.8;79.0;7.4;82.5
2019-10-03 00:00:00;5.9;86.0;6.02;84.08
2019-10-03 03:00:00;4.7;90.0;5.19;85.18
2019-10-03 06:00:00;4.5;88.0;4.83;86.25
2019-10-03 09:00:00;12.5;62.0;10.07;84.17
2019-10-03 12:00:00;13.2;56.0;16.27;81.17
2019-10-03 15:00:00;12.5;60.0;14.49;81.58
2019-10-03 18:00:00;10.3;75.0;11.52;83.58
2019-10-03 21:00:00;9.9;74.0;9.91;85.91
2019-10-04 00:00:00;9.9;72.0;8.99;86.67
2019-10-04 03:00:00;9.3;96.0;8.74;91.33
2019-10-04 06:00:00;11.9;94.0;10.32;93.83
2019-10-04 09:00:00;14.8;77.0;13.71;92.0
2019-10-04 12:00:00;16.1;63.0;17.0;86.42
2019-10-04 15:00:00;13.1;88.0;14.4;88.42
2019-10-04 18:00:00;12.7;91.0;12.87;91.67
2019-10-04 21:00:00;11.2;97.0;11.09;91.5
2019-10-05 00:00:00;10.1;98.0;10.47;93.58
2019-10-05 03:00:00;10.7;98.0;10.97;94.0
2019-10-05 06:00:00;10.4;96.0;11.1;94.75
2019-10-05 09:00:00;10.8;85.0;12.03;93.83
2019-10-05 12:00:00;12.6;76.0;15.43;86.83
2019-10-05 15:00:00;13.9;70.0;17.87;78.82
2019-10-05 18:00:00;13.1;79.0;13.31;83.08
2019-10-05 21:00:00;11.3;84.0;11.65;84.5
2019-10-06 00:00:00;11.3;89.0;11.34;85.58
2019-10-06 03:00:00;12.1;96.0;11.81;88.42
2019-10-06 06:00:00;12.4;99.0;12.19;90.75
2019-10-06 09:00:00;13.8;95.0;13.26;92.73
2019-10-06 12:00:00;17.6;69.0;16.82;92.08
2019-10-06 15:00:00;16.1;69.0;17.63;88.17
2019-10-06 18:00:00;12.0;89.0;13.01;92.42
2019-10-06 21:00:00;13.2;88.0;12.23;96.36
2019-10-07 00:00:00;12.4;90.0;12.01;96.42
2019-10-07 03:00:00;11.8;94.0;11.88;96.08
2019-10-07 06:00:00;10.7;91.0;11.25;96.08
2019-10-07 09:00:00;11.5;89.0;11.85;96.17
2019-10-07 12:00:00;14.2;80.0;15.51;93.58
2019-10-07 15:00:00;15.5;69.0;16.79;94.18
2019-10-07 18:00:00;14.6;78.0;15.16;95.17
2019-10-07 21:00:00;13.5;80.0;13.4;95.83
2019-10-08 00:00:00;12.3;93.0;12.23;96.58
2019-10-08 03:00:00;12.8;96.0;12.37;97.09
2019-10-08 06:00:00;13.0;97.0;12.8;98.0
2019-10-08 09:00:00;14.2;85.0;12.8;98.0
2019-10-08 12:00:00;13.9;92.0;12.8;98.0
2019-10-08 15:00:00;15.7;79.0;12.8;98.0
2019-10-08 18:00:00;13.9;79.0;12.8;98.0
2019-10-08 21:00:00;12.2;87.0;12.8;98.0
2019-10-09 00:00:00;11.5;89.0;12.8;98.0
2019-10-09 03:00:00;11.1;89.0;12.8;98.0
2019-10-09 06:00:00;10.8;90.0;12.8;98.0
2019-10-09 09:00:00;10.7;88.0;12.8;98.0
2019-10-09 12:00:00;11.5;89.0;12.8;98.0
2019-10-09 15:00:00;12.1;82.0;12.8;98.0
2019-10-09 18:00:00;11.3;84.0;22.3;64.18
2019-10-09 21:00:00;10.7;91.0;22.51;59.58
2019-10-10 00:00:00;9.7;94.0;22.28;57.83
2019-10-10 03:00:00;9.1;93.0;22.25;57.67
2019-10-10 06:00:00;8.5;93.0;20.28;54.17
2019-10-10 09:00:00;12.7;79.0;12.54;68.64
2019-10-10 12:00:00;15.3;66.0;18.3;67.75
2019-10-10 15:00:00;15.5;67.0;18.27;64.42
2019-10-10 18:00:00;14.5;68.0;14.33;71.25
2019-10-10 21:00:00;12.1;77.0;11.95;76.55
2019-10-11 00:00:00;12.8;74.0;12.23;78.58
2019-10-11 03:00:00;12.5;81.0;12.02;81.67
2019-10-11 06:00:00;12.9;85.0;12.59;84.5
2019-10-11 09:00:00;14.2;83.0;13.93;86.67
2019-10-11 12:00:00;15.9;76.0;16.05;83.92
2019-10-11 15:00:00;17.0;75.0;16.86;81.09
2019-10-11 18:00:00;16.8;75.0;16.27;83.08
2019-10-11 21:00:00;16.7;75.0;15.82;84.33
2019-10-12 00:00:00;15.1;78.0;14.48;86.25
2019-10-12 03:00:00;13.4;86.0;12.87;88.45
2019-10-12 06:00:00;13.0;87.0;12.31;90.42
2019-10-12 09:00:00;16.2;77.0;15.57;88.25
2019-10-12 12:00:00;18.1;72.0;18.4;82.75
2019-10-12 15:00:00;19.0;72.0;20.23;75.75
2019-10-12 18:00:00;16.3;82.0;16.78;80.58
2019-10-12 21:00:00;14.7;89.0;14.92;85.67
2019-10-13 00:00:00;15.0;88.0;14.43;88.27
2019-10-13 03:00:00;14.3;97.0;14.03;90.25
2019-10-13 06:00:00;15.3;98.0;14.71;91.42
2019-10-13 09:00:00;18.9;81.0;17.72;91.64
2019-10-13 12:00:00;22.5;65.0;23.24;75.0
2019-10-13 15:00:00;21.5;68.0;22.32;72.58
2019-10-13 18:00:00;15.2;88.0;16.65;82.5
2019-10-13 21:00:00;14.4;91.0;14.37;86.5
2019-10-14 00:00:00;14.0;93.0;13.72;87.83
2019-10-14 03:00:00;12.3;98.0;13.17;89.17
2019-10-14 06:00:00;12.9;98.0;13.07;90.18
2019-10-14 09:00:00;15.8;87.0;15.52;90.42
2019-10-14 12:00:00;19.4;71.0;21.03;77.0
2019-10-14 15:00:00;21.1;69.0;23.12;66.17
2019-10-14 18:00:00;19.9;72.0;22.84;66.18
2019-10-14 21:00:00;16.4;80.0;22.43;64.83
2019-10-15 00:00:00;15.4;88.0;21.64;66.0
2019-10-15 03:00:00;14.3;92.0;21.43;66.75
2019-10-15 06:00:00;13.8;91.0;20.98;67.83
2019-10-15 09:00:00;14.4;88.0;20.88;68.55
2019-10-15 12:00:00;15.4;77.0;22.65;67.67
2019-10-15 15:00:00;15.2;71.0;22.69;64.0
2019-10-15 18:00:00;12.8;81.0;22.28;63.11
2019-10-15 21:00:00;12.0;83.0;21.72;63.0
2019-10-16 00:00:00;11.4;90.0;21.4;63.0
2019-10-16 03:00:00;10.5;90.0;21.35;63.0
2019-10-16 06:00:00;11.3;93.0;21.36;62.9
2019-10-16 09:00:00;13.2;93.0;21.71;62.67
2019-10-16 12:00:00;14.5;92.0;22.64;63.17
2019-10-16 15:00:00;14.9;92.0;23.98;65.42
2019-10-16 18:00:00;14.5;92.0;22.51;66.91
2019-10-16 21:00:00;13.9;95.0;21.94;66.0
2019-10-17 00:00:00;12.7;95.0;21.67;65.83
2019-10-17 03:00:00;11.1;96.0;21.66;65.92
2019-10-17 06:00:00;10.9;94.0;21.32;62.27
2019-10-17 09:00:00;12.8;86.0;12.97;77.83
2019-10-17 12:00:00;14.8;74.0;17.23;75.0
2019-10-17 15:00:00;16.4;61.0;19.24;68.5
2019-10-17 18:00:00;12.6;82.0;13.65;75.5
2019-10-17 21:00:00;13.6;91.0;12.83;84.25
2019-10-18 00:00:00;13.0;89.0;12.32;88.36
2019-10-18 03:00:00;13.0;88.0;12.27;90.83
2019-10-18 06:00:00;13.0;86.0;12.28;92.25
2019-10-18 09:00:00;12.5;70.0;11.56;89.18
2019-10-18 12:00:00;14.2;65.0;13.97;84.5
2019-10-18 15:00:00;15.2;57.0;15.74;74.33
2019-10-18 18:00:00;12.9;67.0;12.39;77.75
2019-10-18 21:00:00;12.6;70.0;11.4;81.17
2019-10-19 00:00:00;12.2;79.0;11.25;83.58
2019-10-19 03:00:00;11.7;92.0;11.32;87.92
2019-10-19 06:00:00;11.4;91.0;11.16;90.91
2019-10-19 09:00:00;12.5;82.0;12.15;90.33
2019-10-19 12:00:00;14.5;72.0;15.72;83.92
2019-10-19 15:00:00;14.5;69.0;15.37;80.73
2019-10-19 18:00:00;11.5;84.0;12.24;83.92
2019-10-19 21:00:00;10.0;92.0;10.5;86.33
2019-10-20 00:00:00;9.4;93.0;9.81;88.42
2019-10-20 03:00:00;9.4;96.0;9.56;89.17
2019-10-20 06:00:00;9.4;97.0;9.54;90.0
2019-10-20 09:00:00;10.8;97.0;10.82;89.75
2019-10-20 12:00:00;12.5;90.0;12.68;90.27
2019-10-20 15:00:00;13.3;80.0;14.59;89.92
2019-10-20 18:00:00;11.9;86.0;12.51;92.17
2019-10-20 21:00:00;11.5;87.0;11.63;94.0
2019-10-21 00:00:00;10.5;94.0;10.88;95.83
2019-10-21 03:00:00;10.7;97.0;10.59;97.67
2019-10-21 06:00:00;11.6;98.0;11.14;98.0
2019-10-21 09:00:00;12.0;90.0;12.12;97.58
2019-10-21 12:00:00;12.8;86.0;13.02;95.17
2019-10-21 15:00:00;13.5;82.0;13.93;94.08
2019-10-21 18:00:00;12.6;88.0;12.96;94.27
2019-10-21 21:00:00;12.7;94.0;12.68;95.0
2019-10-22 00:00:00;12.4;96.0;12.62;95.75
2019-10-22 03:00:00;11.9;93.0;12.08;96.0
2019-10-22 06:00:00;11.5;92.0;11.54;96.33
2019-10-22 09:00:00;12.4;88.0;12.03;96.58
2019-10-22 12:00:00;14.4;73.0;17.67;90.92
2019-10-22 15:00:00;15.2;72.0;16.41;92.75
2019-10-22 18:00:00;11.7;88.0;12.46;91.58
2019-10-22 21:00:00;11.7;87.0;11.32;94.09
2019-10-23 00:00:00;11.7;88.0;11.28;94.0
2019-10-23 03:00:00;11.5;90.0;11.33;94.75
2019-10-23 06:00:00;11.6;91.0;11.39;96.5
2019-10-23 09:00:00;13.1;84.0;12.82;96.55
2019-10-23 12:00:00;15.1;76.0;17.13;89.42
2019-10-23 15:00:00;15.9;79.0;18.21;85.75
2019-10-23 18:00:00;14.6;87.0;15.38;88.5
2019-10-23 21:00:00;13.6;92.0;14.22;90.42
2019-10-24 00:00:00;13.9;92.0;14.0;92.25
2019-10-24 03:00:00;13.4;91.0;13.15;94.64
2019-10-24 06:00:00;13.6;86.0;13.04;95.92
2019-10-24 09:00:00;15.3;81.0;15.29;92.17
2019-10-24 12:00:00;18.8;64.0;21.83;71.0
2019-10-24 15:00:00;17.5;69.0;19.72;68.58
2019-10-24 18:00:00;14.6;77.0;15.48;77.5
2019-10-24 21:00:00;13.1;90.0;13.08;84.5
2019-10-25 00:00:00;11.8;90.0;12.35;87.83
2019-10-25 03:00:00;10.5;92.0;10.5;90.75
2019-10-25 06:00:00;10.0;93.0;9.48;92.83
2019-10-25 09:00:00;11.7;88.0;11.12;93.64
2019-10-25 12:00:00;14.7;77.0;16.19;83.17
2019-10-25 15:00:00;14.2;89.0;14.86;87.08
2019-10-25 18:00:00;14.7;87.0;14.46;91.27
2019-10-25 21:00:00;14.9;87.0;13.93;94.0
2019-10-26 00:00:00;14.0;87.0;13.51;95.0
2019-10-26 03:00:00;13.2;90.0;12.79;96.33
2019-10-26 06:00:00;14.2;85.0;13.28;96.67
2019-10-26 09:00:00;15.5;78.0;14.54;94.17
2019-10-26 12:00:00;18.5;63.0;21.02;73.83
2019-10-26 15:00:00;18.9;62.0;21.22;65.55
2019-10-26 18:00:00;17.3;67.0;17.35;72.83
2019-10-26 21:00:00;16.6;73.0;16.7;76.25
2019-10-27 00:00:00;12.5;92.0;13.61;85.73
2019-10-27 03:00:00;8.9;92.0;9.93;90.5
2019-10-27 06:00:00;9.1;79.0;8.82;90.67
2019-10-27 09:00:00;10.0;72.0;10.94;89.33
2019-10-27 12:00:00;10.9;67.0;13.71;86.58
2019-10-27 15:00:00;12.0;64.0;12.75;84.5
2019-10-27 18:00:00;7.3;84.0;7.3;87.0
2019-10-27 21:00:00;6.0;90.0;5.48;88.5
2019-10-28 00:00:00;3.8;94.0;3.98;89.42
2019-10-28 03:00:00;2.9;97.0;2.65;90.45
2019-10-28 06:00:00;2.6;99.0;2.46;92.25
2019-10-28 09:00:00;7.7;99.0;7.67;88.75
2019-10-28 12:00:00;12.3;66.0;16.15;81.67
2019-10-28 15:00:00;11.7;66.0;12.28;79.17
2019-10-28 18:00:00;10.0;77.0;9.97;83.58
2019-10-28 21:00:00;9.4;82.0;9.29;87.09
2019-10-29 00:00:00;8.9;81.0;8.83;88.17
2019-10-29 03:00:00;8.5;81.0;8.27;89.33
2019-10-29 06:00:00;8.0;82.0;7.61;90.64
2019-10-29 09:00:00;9.1;77.0;10.71;86.08
2019-10-29 12:00:00;11.1;67.0;14.42;71.67
2019-10-29 15:00:00;10.9;65.0;11.34;73.92
2019-10-29 18:00:00;8.5;72.0;8.04;80.75
2019-10-29 21:00:00;7.4;74.0;6.77;83.75
2019-10-30 00:00:00;6.7;78.0;6.49;85.17
2019-10-30 03:00:00;6.0;82.0;6.17;86.82
2019-10-30 06:00:00;5.7;82.0;5.86;88.17
2019-10-30 09:00:00;6.0;77.0;6.75;86.67
2019-10-30 12:00:00;7.7;75.0;11.07;78.91
2019-10-30 15:00:00;9.9;70.0;11.22;76.5
2019-10-30 18:00:00;6.9;81.0;6.88;84.83
2019-10-30 21:00:00;5.1;82.0;4.82;88.0
2019-10-31 00:00:00;3.8;88.0;3.5;90.58
2019-10-31 03:00:00;2.6;91.0;2.63;92.33
2019-10-31 06:00:00;2.1;91.0;2.45;93.73
2019-10-31 09:00:00;4.8;85.0;6.93;89.42
2019-10-31 12:00:00;8.9;75.0;14.83;75.17
2019-10-31 15:00:00;10.2;73.0;11.13;78.75
2019-10-31 18:00:00;7.3;84.0;7.38;83.45
2019-10-31 21:00:00;5.5;88.0;5.81;85.58
2019-11-01 00:00:00;5.1;92.0;6.62;86.0
2019-11-01 03:00:00;6.8;92.0;7.54;87.17
2019-11-01 06:00:00;8.2;94.0;8.33;90.08
2019-11-01 09:00:00;9.4;97.0;9.67;93.58
2019-11-01 12:00:00;11.9;97.0;12.01;95.55
2019-11-01 15:00:00;13.3;97.0;13.21;96.25
2019-11-01 18:00:00;13.9;97.0;13.76;96.83
2019-11-01 21:00:00;14.9;94.0;14.4;97.36
2019-11-02 00:00:00;15.3;92.0;14.72;98.0
2019-11-02 03:00:00;15.0;84.0;13.93;98.08
2019-11-02 06:00:00;13.1;91.0;12.54;97.25
2019-11-02 09:00:00;10.9;82.0;12.76;92.5
2019-11-02 12:00:00;14.8;61.0;16.13;72.83
2019-11-02 15:00:00;14.0;59.0;12.98;74.17
2019-11-02 18:00:00;12.7;67.0;11.5;79.82
2019-11-02 21:00:00;11.6;76.0;10.77;84.83
2019-11-03 00:00:00;10.1;87.0;9.57;89.5
2019-11-03 03:00:00;9.6;90.0;8.49;92.55
2019-11-03 06:00:00;9.6;92.0;8.92;93.17
2019-11-03 09:00:00;10.3;96.0;10.34;92.92
2019-11-03 12:00:00;10.9;97.0;12.38;93.0
2019-11-03 15:00:00;11.4;90.0;12.5;93.0
2019-11-03 18:00:00;9.1;93.0;9.98;94.5
2019-11-03 21:00:00;9.7;91.0;9.13;95.91
2019-11-04 00:00:00;10.7;93.0;9.77;97.42
2019-11-04 03:00:00;9.5;87.0;9.23;97.0
2019-11-04 06:00:00;9.6;94.0;9.39;97.75
2019-11-04 09:00:00;10.8;91.0;11.85;96.82
2019-11-04 12:00:00;12.5;75.0;14.77;90.0
2019-11-04 15:00:00;12.8;75.0;12.69;88.67
2019-11-04 18:00:00;9.0;89.0;9.38;92.42
2019-11-04 21:00:00;9.0;91.0;8.7;94.17
2019-11-05 00:00:00;8.9;90.0;8.32;95.08
2019-11-05 03:00:00;7.7;91.0;7.56;96.09
2019-11-05 06:00:00;7.0;93.0;7.26;96.75
2019-11-05 09:00:00;8.6;89.0;9.54;95.58
2019-11-05 12:00:00;10.6;78.0;11.99;93.55
2019-11-05 15:00:00;11.4;74.0;12.57;93.0
2019-11-05 18:00:00;10.1;83.0;9.98;93.92
2019-11-05 21:00:00;8.1;93.0;8.62;94.75
2019-11-06 00:00:00;7.5;98.0;8.3;96.0
2019-11-06 03:00:00;8.2;98.0;8.41;95.75
2019-11-06 06:00:00;9.4;97.0;9.08;96.0
2019-11-06 09:00:00;9.5;96.0;10.19;96.0
2019-11-06 12:00:00;9.0;91.0;11.69;95.58
2019-11-06 15:00:00;9.9;82.0;10.7;94.08
2019-11-06 18:00:00;7.8;90.0;7.58;94.0
2019-11-06 21:00:00;7.0;96.0;7.5;97.0
2019-11-07 00:00:00;8.1;97.0;7.92;97.83
2019-11-07 03:00:00;8.1;94.0;7.95;98.75
2019-11-07 06:00:00;8.7;93.0;8.43;99.0
2019-11-07 09:00:00;8.7;95.0;9.39;65.5
2019-11-07 12:00:00;10.5;74.0;10.47;93.82
2019-11-07 15:00:00;9.0;74.0;8.5;91.42
2019-11-07 18:00:00;5.6;87.0;5.65;93.0
2019-11-07 21:00:00;5.1;86.0;4.43;94.91
2019-11-08 00:00:00;3.3;91.0;3.53;95.83
2019-11-08 03:00:00;2.4;95.0;2.93;96.92
2019-11-08 06:00:00;1.9;97.0;2.39;97.25
2019-11-08 09:00:00;4.5;97.0;4.72;81.83
2019-11-08 12:00:00;7.6;83.0;8.97;96.08
2019-11-08 15:00:00;6.7;85.0;7.15;95.58
2019-11-08 18:00:00;4.6;96.0;4.59;95.73
2019-11-08 21:00:00;3.1;97.0;4.4;57.25
2019-11-09 00:00:00;4.7;96.0;3.78;96.58
2019-11-09 03:00:00;4.1;97.0;3.82;53.27
2019-11-09 06:00:00;4.1;95.0;3.34;96.75
2019-11-09 09:00:00;5.7;90.0;6.3;64.42
2019-11-09 12:00:00;8.9;65.0;13.14;89.83
2019-11-09 15:00:00;8.7;76.0;8.42;92.33
2019-11-09 18:00:00;4.5;90.0;5.01;94.08
2019-11-09 21:00:00;3.0;91.0;3.43;95.82
2019-11-10 00:00:00;3.3;95.0;3.22;96.83
2019-11-10 03:00:00;3.1;96.0;2.74;96.58
2019-11-10 06:00:00;2.5;95.0;1.94;96.45
2019-11-10 09:00:00;3.8;89.0;4.83;72.08
2019-11-10 12:00:00;7.9;75.0;14.58;85.08
2019-11-10 15:00:00;9.0;73.0;10.46;86.75
2019-11-10 18:00:00;4.6;90.0;5.83;90.17
2019-11-10 21:00:00;2.9;94.0;4.93;92.08
2019-11-11 00:00:00;5.4;95.0;5.69;92.91
2019-11-11 03:00:00;6.7;90.0;6.27;94.33
2019-11-11 06:00:00;6.4;88.0;6.25;95.08
2019-11-11 09:00:00;5.9;88.0;6.04;95.83
2019-11-11 12:00:00;6.8;91.0;7.71;96.45
2019-11-11 15:00:00;8.0;79.0;7.9;94.08
2019-11-11 18:00:00;5.1;87.0;4.64;94.42
2019-11-11 21:00:00;4.8;90.0;3.81;96.83
2019-11-12 00:00:00;5.4;86.0;3.9;97.83
2019-11-12 03:00:00;4.4;88.0;3.77;98.67
2019-11-12 06:00:00;2.9;90.0;2.87;97.55
2019-11-12 09:00:00;4.1;90.0;4.85;73.17
2019-11-12 12:00:00;7.2;77.0;11.02;86.92
2019-11-12 15:00:00;7.2;75.0;7.63;86.0
2019-11-12 18:00:00;5.2;81.0;5.0;90.83
2019-11-12 21:00:00;4.9;91.0;4.93;93.5
2019-11-13 00:00:00;5.1;93.0;4.98;95.0
2019-11-13 03:00:00;6.3;92.0;5.91;95.83
2019-11-13 06:00:00;6.6;90.0;5.97;96.08
2019-11-13 09:00:00;7.3;85.0;7.82;95.09
2019-11-13 12:00:00;9.8;68.0;12.65;88.58
2019-11-13 15:00:00;8.4;81.0;8.08;90.92
2019-11-13 18:00:00;6.9;86.0;6.62;92.5
2019-11-13 21:00:00;5.7;90.0;5.25;95.09
2019-11-14 00:00:00;5.1;90.0;5.02;97.33
2019-11-14 03:00:00;5.8;85.0;5.28;95.83
2019-11-14 06:00:00;4.4;89.0;4.37;97.17
2019-11-14 09:00:00;5.1;92.0;5.52;97.42
2019-11-14 12:00:00;6.7;73.0;7.33;91.17
2019-11-14 15:00:00;6.7;77.0;6.72;90.36
2019-11-14 18:00:00;5.3;86.0;4.95;93.0
2019-11-14 21:00:00;3.3;93.0;3.53;95.08
2019-11-15 00:00:00;4.2;92.0;3.73;96.09
2019-11-15 03:00:00;4.6;92.0;4.08;96.42
2019-11-15 06:00:00;5.2;87.0;4.49;97.17
2019-11-15 09:00:00;4.1;87.0;4.72;97.5
2019-11-15 12:00:00;3.7;88.0;4.45;97.58
2019-11-15 15:00:00;4.0;86.0;4.23;97.33
2019-11-15 18:00:00;4.4;86.0;4.41;96.82
2019-11-15 21:00:00;4.3;85.0;4.11;95.5
2019-11-16 00:00:00;2.7;90.0;3.56;96.25
2019-11-16 03:00:00;4.1;87.0;4.09;97.0
2019-11-16 06:00:00;3.8;86.0;3.85;96.0
2019-11-16 09:00:00;4.0;85.0;4.84;94.92
2019-11-16 12:00:00;5.9;81.0;7.97;92.0
2019-11-16 15:00:00;6.7;79.0;7.11;91.42
2019-11-16 18:00:00;6.0;85.0;6.27;92.58
2019-11-16 21:00:00;5.6;88.0;5.92;93.08
2019-11-17 00:00:00;5.4;88.0;5.77;93.82
2019-11-17 03:00:00;3.1;92.0;4.92;94.08
2019-11-17 06:00:00;3.4;95.0;4.31;94.58
2019-11-17 09:00:00;4.4;89.0;5.78;93.45
2019-11-17 12:00:00;8.3;67.0;13.81;85.42
2019-11-17 15:00:00;7.4;70.0;8.47;90.08
2019-11-17 18:00:00;5.6;79.0;4.92;90.58
2019-11-17 21:00:00;4.6;85.0;3.48;92.33
2019-11-18 00:00:00;3.5;88.0;2.78;92.58
2019-11-18 03:00:00;2.9;92.0;3.21;92.64
2019-11-18 06:00:00;3.9;91.0;4.23;93.0
2019-11-18 09:00:00;5.3;96.0;6.33;93.25
2019-11-18 12:00:00;7.4;94.0;8.05;94.0
2019-11-18 15:00:00;8.3;87.0;7.93;95.58
2019-11-18 18:00:00;6.4;84.0;5.8;95.5
2019-11-18 21:00:00;5.5;87.0;4.76;96.42
2019-11-19 00:00:00;4.0;90.0;3.68;96.58
2019-11-19 03:00:00;2.3;95.0;2.44;96.17
2019-11-19 06:00:00;1.4;97.0;1.37;95.82
2019-11-19 09:00:00;2.8;93.0;4.01;80.25
2019-11-19 12:00:00;6.4;71.0;11.67;89.92
2019-11-19 15:00:00;6.8;69.0;6.97;90.36
2019-11-19 18:00:00;3.3;85.0;3.86;93.0
2019-11-19 21:00:00;1.7;95.0;2.73;95.17
2019-11-20 00:00:00;1.3;95.0;2.56;94.58
2019-11-20 03:00:00;-0.8;95.0;0.42;95.0
2019-11-20 06:00:00;-1.4;94.0;-0.42;96.33
2019-11-20 09:00:00;1.0;89.0;2.39;96.0
2019-11-20 12:00:00;4.8;77.0;9.06;87.42
2019-11-20 15:00:00;5.2;75.0;5.77;88.0
2019-11-20 18:00:00;2.1;86.0;2.28;91.82
2019-11-20 21:00:00;0.2;91.0;0.5;93.33
2019-11-21 00:00:00;-0.9;91.0;-0.45;94.58
2019-11-21 03:00:00;-0.4;92.0;-0.74;95.92
2019-11-21 06:00:00;0.0;93.0;0.0;97.83
2019-11-21 09:00:00;1.2;95.0;1.84;96.83
2019-11-21 12:00:00;3.5;90.0;5.25;94.55
2019-11-21 15:00:00;6.2;82.0;6.38;92.58
2019-11-21 18:00:00;3.3;91.0;3.93;95.83
2019-11-21 21:00:00;4.3;92.0;5.03;97.33
2019-11-22 00:00:00;6.1;92.0;5.91;98.0
2019-11-22 03:00:00;6.8;88.0;6.6;97.33
2019-11-22 06:00:00;7.4;86.0;6.73;97.67
2019-11-22 09:00:00;7.5;83.0;8.16;94.83
2019-11-22 12:00:00;10.3;73.0;12.2;82.75
2019-11-22 15:00:00;9.5;74.0;9.67;82.17
2019-11-22 18:00:00;7.7;82.0;7.44;89.27
2019-11-22 21:00:00;8.7;76.0;8.2;89.25
2019-11-23 00:00:00;9.4;78.0;8.17;90.33
2019-11-23 03:00:00;9.9;77.0;8.7;91.64
2019-11-23 06:00:00;8.7;90.0;8.67;93.33
2019-11-23 09:00:00;11.1;79.0;10.31;94.0
2019-11-23 12:00:00;9.6;79.0;10.26;91.75
2019-11-23 15:00:00;8.6;77.0;8.54;90.92
2019-11-23 18:00:00;7.0;83.0;6.9;92.83
2019-11-23 21:00:00;5.9;87.0;6.45;93.18
2019-11-24 00:00:00;5.6;89.0;6.11;93.17
2019-11-24 03:00:00;4.1;94.0;5.23;94.0
2019-11-24 06:00:00;6.5;99.0;6.11;95.27
2019-11-24 09:00:00;6.7;100.0;7.61;96.0
2019-11-24 12:00:00;7.7;99.0;9.5;96.0
2019-11-24 15:00:00;9.3;92.0;9.58;96.17
2019-11-24 18:00:00;8.7;95.0;8.84;97.17
2019-11-24 21:00:00;7.0;91.0;7.31;96.58
2019-11-25 00:00:00;6.7;97.0;6.99;98.5
2019-11-25 03:00:00;6.2;95.0;6.82;98.82
2019-11-25 06:00:00;7.6;93.0;7.15;98.17
2019-11-25 09:00:00;7.6;95.0;8.03;41.08
2019-11-25 12:00:00;9.0;89.0;10.24;95.64
2019-11-25 15:00:00;10.8;80.0;11.09;92.0
2019-11-25 18:00:00;9.5;85.0;9.25;94.42
2019-11-25 21:00:00;9.5;86.0;9.11;96.17
2019-11-26 00:00:00;9.4;97.0;9.43;97.5
2019-11-26 03:00:00;10.1;98.0;10.17;98.0
2019-11-26 06:00:00;10.4;95.0;10.35;98.73
2019-11-26 09:00:00;10.8;88.0;11.1;97.42
2019-11-26 12:00:00;10.8;92.0;10.99;97.58
2019-11-26 15:00:00;11.7;89.0;11.55;98.27
2019-11-26 18:00:00;11.4;90.0;11.34;98.75
2019-11-26 21:00:00;11.2;91.0;11.0;74.0
2019-11-27 00:00:00;10.7;95.0;10.62;57.75
2019-11-27 03:00:00;10.1;97.0;10.04;0.75
2019-11-27 06:00:00;10.4;87.0;9.65;0.5
2019-11-27 09:00:00;10.5;84.0;10.25;71.91
2019-11-27 12:00:00;11.0;82.0;11.59;95.25
2019-11-27 15:00:00;10.8;89.0;10.42;97.92
2019-11-27 18:00:00;10.8;86.0;10.18;97.91
2019-11-27 21:00:00;10.4;89.0;9.83;98.92
2019-11-28 00:00:00;9.7;85.0;8.89;82.33
2019-11-28 03:00:00;9.6;88.0;8.98;0.17
2019-11-28 06:00:00;9.4;91.0;9.1;0.67
2019-11-28 09:00:00;9.7;93.0;10.19;8.92
2019-11-28 12:00:00;11.2;80.0;11.62;96.58
2019-11-28 15:00:00;10.6;79.0;10.63;95.8
2019-11-28 18:00:00;9.6;84.0;9.39;97.17
2019-11-28 21:00:00;9.0;96.0;8.95;98.0
2019-11-29 00:00:00;8.3;97.0;8.53;98.09
2019-11-29 03:00:00;7.5;91.0;7.69;98.33
2019-11-29 06:00:00;6.7;95.0;6.81;98.67
2019-11-29 09:00:00;6.3;90.0;7.31;73.25
2019-11-29 12:00:00;8.5;73.0;10.04;81.0
2019-11-29 15:00:00;7.9;71.0;7.82;95.58
2019-11-29 18:00:00;5.5;85.0;5.29;95.73
2019-11-29 21:00:00;4.0;91.0;4.43;97.92
2019-11-30 00:00:00;2.1;94.0;2.47;94.27
2019-11-30 03:00:00;0.6;98.0;1.12;94.36
2019-11-30 06:00:00;-0.1;99.0;0.93;96.83
2019-11-30 09:00:00;0.1;99.0;2.7;57.75
2019-11-30 12:00:00;5.9;83.0;10.95;92.08
2019-11-30 15:00:00;5.7;80.0;6.1;95.17
2019-11-30 18:00:00;4.4;83.0;3.86;97.08
2019-11-30 21:00:00;3.5;85.0;3.04;98.67
2019-12-01 00:00:00;2.8;87.0;2.63;44.91
2019-12-01 03:00:00;2.5;84.0;2.3;24.75
2019-12-01 06:00:00;2.2;85.0;2.12;99.0
2019-12-01 09:00:00;2.4;81.0;2.77;97.45
2019-12-01 12:00:00;3.8;75.0;4.67;90.67
2019-12-01 15:00:00;4.1;72.0;3.93;90.75
2019-12-01 18:00:00;3.1;76.0;1.47;93.83
2019-12-01 21:00:00;1.4;84.0;-0.25;93.92
