Date;temperature;humidite;IQ;IQ_J+1
01/12/2019 12:00;4.67;90.67;6;5
01/12/2019 15:00;3.93;90.75;6;5
01/12/2019 18:00;1.47;93.83;6;5
01/12/2019 21:00;-0.25;93.92;6;5
30/11/2019 00:00;2.47;94.27;4;6
30/11/2019 03:00;1.12;94.36;4;6
30/11/2019 06:00;0.93;96.83;4;6
30/11/2019 09:00;2.7;57.75;4;6
30/11/2019 12:00;10.95;92.08;4;6
30/11/2019 15:00;6.1;95.17;4;6
30/11/2019 18:00;3.86;97.08;4;6
30/11/2019 21:00;3.04;98.67;4;6
29/11/2019 00:00;8.53;98.09;3;4
29/11/2019 03:00;7.69;98.33;3;4
29/11/2019 06:00;6.81;98.67;3;4
29/11/2019 09:00;7.31;73.25;3;4
29/11/2019 12:00;10.04;81.0;3;4
29/11/2019 15:00;7.82;95.58;3;4
29/11/2019 18:00;5.29;95.73;3;4
29/11/2019 21:00;4.43;97.92;3;4
28/11/2019 00:00;8.89;82.33;3;3
28/11/2019 03:00;8.98;0.17;3;3
28/11/2019 06:00;9.1;0.67;3;3
28/11/2019 09:00;10.19;8.92;3;3
28/11/2019 12:00;11.62;96.58;3;3
28/11/2019 15:00;10.63;95.8;3;3
28/11/2019 18:00;9.39;97.17;3;3
28/11/2019 21:00;8.95;98.0;3;3
27/11/2019 00:00;10.62;57.75;3;3
27/11/2019 03:00;10.04;0.75;3;3
27/11/2019 06:00;9.65;0.5;3;3
27/11/2019 09:00;10.25;71.91;3;3
27/11/2019 12:00;11.59;95.25;3;3
27/11/2019 15:00;10.42;97.92;3;3
27/11/2019 18:00;10.18;97.91;3;3
27/11/2019 21:00;9.83;98.92;3;3
26/11/2019 00:00;9.43;97.5;2;3
26/11/2019 03:00;10.17;98.0;2;3
26/11/2019 06:00;10.35;98.73;2;3
26/11/2019 09:00;11.1;97.42;2;3
26/11/2019 12:00;10.99;97.58;2;3
26/11/2019 15:00;11.55;98.27;2;3
26/11/2019 18:00;11.34;98.75;2;3
26/11/2019 21:00;11.0;74.0;2;3
25/11/2019 00:00;6.99;98.5;2;2
25/11/2019 03:00;6.82;98.82;2;2
25/11/2019 06:00;7.15;98.17;2;2
25/11/2019 09:00;8.03;41.08;2;2
25/11/2019 12:00;10.24;95.64;2;2
25/11/2019 15:00;11.09;92.0;2;2
25/11/2019 18:00;9.25;94.42;2;2
25/11/2019 21:00;9.11;96.17;2;2
24/11/2019 00:00;6.11;93.17;4;2
24/11/2019 03:00;5.23;94.0;4;2
24/11/2019 06:00;6.11;95.27;4;2
24/11/2019 09:00;7.61;96.0;4;2
24/11/2019 12:00;9.5;96.0;4;2
24/11/2019 15:00;9.58;96.17;4;2
24/11/2019 18:00;8.84;97.17;4;2
24/11/2019 21:00;7.31;96.58;4;2
23/11/2019 00:00;8.17;90.33;3;4
23/11/2019 03:00;8.7;91.64;3;4
23/11/2019 06:00;8.67;93.33;3;4
23/11/2019 09:00;10.31;94.0;3;4
23/11/2019 12:00;10.26;91.75;3;4
23/11/2019 15:00;8.54;90.92;3;4
23/11/2019 18:00;6.9;92.83;3;4
23/11/2019 21:00;6.45;93.18;3;4
22/11/2019 00:00;5.91;98.0;3;3
22/11/2019 03:00;6.6;97.33;3;3
22/11/2019 06:00;6.73;97.67;3;3
22/11/2019 09:00;8.16;94.83;3;3
22/11/2019 12:00;12.2;82.75;3;3
22/11/2019 15:00;9.67;82.17;3;3
22/11/2019 18:00;7.44;89.27;3;3
22/11/2019 21:00;8.2;89.25;3;3
21/11/2019 00:00;-0.45;94.58;4;3
21/11/2019 03:00;-0.74;95.92;4;3
21/11/2019 06:00;0.0;97.83;4;3
21/11/2019 09:00;1.84;96.83;4;3
21/11/2019 12:00;5.25;94.55;4;3
21/11/2019 15:00;6.38;92.58;4;3
21/11/2019 18:00;3.93;95.83;4;3
21/11/2019 21:00;5.03;97.33;4;3
20/11/2019 00:00;2.56;94.58;3;4
20/11/2019 03:00;0.42;95.0;3;4
20/11/2019 06:00;-0.42;96.33;3;4
20/11/2019 09:00;2.39;96.0;3;4
20/11/2019 12:00;9.06;87.42;3;4
20/11/2019 15:00;5.77;88.0;3;4
20/11/2019 18:00;2.28;91.82;3;4
20/11/2019 21:00;0.5;93.33;3;4
19/11/2019 00:00;3.68;96.58;3;3
19/11/2019 03:00;2.44;96.17;3;3
19/11/2019 06:00;1.37;95.82;3;3
19/11/2019 09:00;4.01;80.25;3;3
19/11/2019 12:00;11.67;89.92;3;3
19/11/2019 15:00;6.97;90.36;3;3
19/11/2019 18:00;3.86;93.0;3;3
19/11/2019 21:00;2.73;95.17;3;3
18/11/2019 00:00;2.78;92.58;5;3
18/11/2019 03:00;3.21;92.64;5;3
18/11/2019 06:00;4.23;93.0;5;3
18/11/2019 09:00;6.33;93.25;5;3
18/11/2019 12:00;8.05;94.0;5;3
18/11/2019 15:00;7.93;95.58;5;3
18/11/2019 18:00;5.8;95.5;5;3
18/11/2019 21:00;4.76;96.42;5;3
17/11/2019 00:00;5.77;93.82;3;5
17/11/2019 03:00;4.92;94.08;3;5
17/11/2019 06:00;4.31;94.58;3;5
17/11/2019 09:00;5.78;93.45;3;5
17/11/2019 12:00;13.81;85.42;3;5
17/11/2019 15:00;8.47;90.08;3;5
17/11/2019 18:00;4.92;90.58;3;5
17/11/2019 21:00;3.48;92.33;3;5
16/11/2019 00:00;3.56;96.25;2;3
16/11/2019 03:00;4.09;97.0;2;3
16/11/2019 06:00;3.85;96.0;2;3
16/11/2019 09:00;4.84;94.92;2;3
16/11/2019 12:00;7.97;92.0;2;3
16/11/2019 15:00;7.11;91.42;2;3
16/11/2019 18:00;6.27;92.58;2;3
16/11/2019 21:00;5.92;93.08;2;3
15/11/2019 00:00;3.73;96.09;3;2
15/11/2019 03:00;4.08;96.42;3;2
15/11/2019 06:00;4.49;97.17;3;2
15/11/2019 09:00;4.72;97.5;3;2
15/11/2019 12:00;4.45;97.58;3;2
15/11/2019 15:00;4.23;97.33;3;2
15/11/2019 18:00;4.41;96.82;3;2
15/11/2019 21:00;4.11;95.5;3;2
14/11/2019 00:00;5.02;97.33;2;3
14/11/2019 03:00;5.28;95.83;2;3
14/11/2019 06:00;4.37;97.17;2;3
14/11/2019 09:00;5.52;97.42;2;3
14/11/2019 12:00;7.33;91.17;2;3
14/11/2019 15:00;6.72;90.36;2;3
14/11/2019 18:00;4.95;93.0;2;3
14/11/2019 21:00;3.53;95.08;2;3
13/11/2019 00:00;4.98;95.0;2;2
13/11/2019 03:00;5.91;95.83;2;2
13/11/2019 06:00;5.97;96.08;2;2
13/11/2019 09:00;7.82;95.09;2;2
13/11/2019 12:00;12.65;88.58;2;2
13/11/2019 15:00;8.08;90.92;2;2
13/11/2019 18:00;6.62;92.5;2;2
13/11/2019 21:00;5.25;95.09;2;2
12/11/2019 00:00;3.9;97.83;3;2
12/11/2019 03:00;3.77;98.67;3;2
12/11/2019 06:00;2.87;97.55;3;2
12/11/2019 09:00;4.85;73.17;3;2
12/11/2019 12:00;11.02;86.92;3;2
12/11/2019 15:00;7.63;86.0;3;2
12/11/2019 18:00;5.0;90.83;3;2
12/11/2019 21:00;4.93;93.5;3;2
11/11/2019 00:00;5.69;92.91;3;3
11/11/2019 03:00;6.27;94.33;3;3
11/11/2019 06:00;6.25;95.08;3;3
11/11/2019 09:00;6.04;95.83;3;3
11/11/2019 12:00;7.71;96.45;3;3
11/11/2019 15:00;7.9;94.08;3;3
11/11/2019 18:00;4.64;94.42;3;3
11/11/2019 21:00;3.81;96.83;3;3
10/11/2019 00:00;3.22;96.83;3;3
10/11/2019 03:00;2.74;96.58;3;3
10/11/2019 06:00;1.94;96.45;3;3
10/11/2019 09:00;4.83;72.08;3;3
10/11/2019 12:00;14.58;85.08;3;3
10/11/2019 15:00;10.46;86.75;3;3
10/11/2019 18:00;5.83;90.17;3;3
10/11/2019 21:00;4.93;92.08;3;3
09/11/2019 00:00;3.78;96.58;3;3
09/11/2019 03:00;3.82;53.27;3;3
09/11/2019 06:00;3.34;96.75;3;3
09/11/2019 09:00;6.3;64.42;3;3
09/11/2019 12:00;13.14;89.83;3;3
09/11/2019 15:00;8.42;92.33;3;3
09/11/2019 18:00;5.01;94.08;3;3
09/11/2019 21:00;3.43;95.82;3;3
08/11/2019 00:00;3.53;95.83;3;3
08/11/2019 03:00;2.93;96.92;3;3
08/11/2019 06:00;2.39;97.25;3;3
08/11/2019 09:00;4.72;81.83;3;3
08/11/2019 12:00;8.97;96.08;3;3
08/11/2019 15:00;7.15;95.58;3;3
08/11/2019 18:00;4.59;95.73;3;3
08/11/2019 21:00;4.4;57.25;3;3
07/11/2019 00:00;7.92;97.83;3;3
07/11/2019 03:00;7.95;98.75;3;3
07/11/2019 06:00;8.43;99.0;3;3
07/11/2019 09:00;9.39;65.5;3;3
07/11/2019 12:00;10.47;93.82;3;3
07/11/2019 15:00;8.5;91.42;3;3
07/11/2019 18:00;5.65;93.0;3;3
07/11/2019 21:00;4.43;94.91;3;3
06/11/2019 00:00;8.3;96.0;3;3
06/11/2019 03:00;8.41;95.75;3;3
06/11/2019 06:00;9.08;96.0;3;3
06/11/2019 09:00;10.19;96.0;3;3
06/11/2019 12:00;11.69;95.58;3;3
06/11/2019 15:00;10.7;94.08;3;3
06/11/2019 18:00;7.58;94.0;3;3
06/11/2019 21:00;7.5;97.0;3;3
05/11/2019 00:00;8.32;95.08;3;3
05/11/2019 03:00;7.56;96.09;3;3
05/11/2019 06:00;7.26;96.75;3;3
05/11/2019 09:00;9.54;95.58;3;3
05/11/2019 12:00;11.99;93.55;3;3
05/11/2019 15:00;12.57;93.0;3;3
05/11/2019 18:00;9.98;93.92;3;3
05/11/2019 21:00;8.62;94.75;3;3
04/11/2019 00:00;9.77;97.42;3;3
04/11/2019 03:00;9.23;97.0;3;3
04/11/2019 06:00;9.39;97.75;3;3
04/11/2019 09:00;11.85;96.82;3;3
04/11/2019 12:00;14.77;90.0;3;3
04/11/2019 15:00;12.69;88.67;3;3
04/11/2019 18:00;9.38;92.42;3;3
04/11/2019 21:00;8.7;94.17;3;3
03/11/2019 00:00;9.57;89.5;3;3
03/11/2019 03:00;8.49;92.55;3;3
03/11/2019 06:00;8.92;93.17;3;3
03/11/2019 09:00;10.34;92.92;3;3
03/11/2019 12:00;12.38;93.0;3;3
03/11/2019 15:00;12.5;93.0;3;3
03/11/2019 18:00;9.98;94.5;3;3
03/11/2019 21:00;9.13;95.91;3;3
02/11/2019 00:00;14.72;98.0;3;3
02/11/2019 03:00;13.93;98.08;3;3
02/11/2019 06:00;12.54;97.25;3;3
02/11/2019 09:00;12.76;92.5;3;3
02/11/2019 12:00;16.13;72.83;3;3
02/11/2019 15:00;12.98;74.17;3;3
02/11/2019 18:00;11.5;79.82;3;3
02/11/2019 21:00;10.77;84.83;3;3
01/11/2019 00:00;6.62;86.0;3;3
01/11/2019 03:00;7.54;87.17;3;3
01/11/2019 06:00;8.33;90.08;3;3
01/11/2019 09:00;9.67;93.58;3;3
01/11/2019 12:00;12.01;95.55;3;3
01/11/2019 15:00;13.21;96.25;3;3
01/11/2019 18:00;13.76;96.83;3;3
01/11/2019 21:00;14.4;97.36;3;3
31/10/2019 00:00;3.5;90.58;6;3
31/10/2019 03:00;2.63;92.33;6;3
31/10/2019 06:00;2.45;93.73;6;3
31/10/2019 09:00;6.93;89.42;6;3
31/10/2019 12:00;14.83;75.17;6;3
31/10/2019 15:00;11.13;78.75;6;3
31/10/2019 18:00;7.38;83.45;6;3
31/10/2019 21:00;5.81;85.58;6;3
30/10/2019 00:00;6.49;85.17;4;6
30/10/2019 03:00;6.17;86.82;4;6
30/10/2019 06:00;5.86;88.17;4;6
30/10/2019 09:00;6.75;86.67;4;6
30/10/2019 12:00;11.07;78.91;4;6
30/10/2019 15:00;11.22;76.5;4;6
30/10/2019 18:00;6.88;84.83;4;6
30/10/2019 21:00;4.82;88.0;4;6
29/10/2019 00:00;8.83;88.17;3;4
29/10/2019 03:00;8.27;89.33;3;4
29/10/2019 06:00;7.61;90.64;3;4
29/10/2019 09:00;10.71;86.08;3;4
29/10/2019 12:00;14.42;71.67;3;4
29/10/2019 15:00;11.34;73.92;3;4
29/10/2019 18:00;8.04;80.75;3;4
29/10/2019 21:00;6.77;83.75;3;4
28/10/2019 00:00;3.98;89.42;4;3
28/10/2019 03:00;2.65;90.45;4;3
28/10/2019 06:00;2.46;92.25;4;3
28/10/2019 09:00;7.67;88.75;4;3
28/10/2019 12:00;16.15;81.67;4;3
28/10/2019 15:00;12.28;79.17;4;3
28/10/2019 18:00;9.97;83.58;4;3
28/10/2019 21:00;9.29;87.09;4;3
27/10/2019 00:00;13.61;85.73;3;4
27/10/2019 03:00;9.93;90.5;3;4
27/10/2019 06:00;8.82;90.67;3;4
27/10/2019 09:00;10.94;89.33;3;4
27/10/2019 12:00;13.71;86.58;3;4
27/10/2019 15:00;12.75;84.5;3;4
27/10/2019 18:00;7.3;87.0;3;4
27/10/2019 21:00;5.48;88.5;3;4
26/10/2019 00:00;13.51;95.0;2;3
26/10/2019 03:00;12.79;96.33;2;3
26/10/2019 06:00;13.28;96.67;2;3
26/10/2019 09:00;14.54;94.17;2;3
26/10/2019 12:00;21.02;73.83;2;3
26/10/2019 15:00;21.22;65.55;2;3
26/10/2019 18:00;17.35;72.83;2;3
26/10/2019 21:00;16.7;76.25;2;3
25/10/2019 00:00;12.35;87.83;2;2
25/10/2019 03:00;10.5;90.75;2;2
25/10/2019 06:00;9.48;92.83;2;2
25/10/2019 09:00;11.12;93.64;2;2
25/10/2019 12:00;16.19;83.17;2;2
25/10/2019 15:00;14.86;87.08;2;2
25/10/2019 18:00;14.46;91.27;2;2
25/10/2019 21:00;13.93;94.0;2;2
24/10/2019 00:00;14.0;92.25;3;2
24/10/2019 03:00;13.15;94.64;3;2
24/10/2019 06:00;13.04;95.92;3;2
24/10/2019 09:00;15.29;92.17;3;2
24/10/2019 12:00;21.83;71.0;3;2
24/10/2019 15:00;19.72;68.58;3;2
24/10/2019 18:00;15.48;77.5;3;2
24/10/2019 21:00;13.08;84.5;3;2
23/10/2019 00:00;11.28;94.0;5;3
23/10/2019 03:00;11.33;94.75;5;3
23/10/2019 06:00;11.39;96.5;5;3
23/10/2019 09:00;12.82;96.55;5;3
23/10/2019 12:00;17.13;89.42;5;3
23/10/2019 15:00;18.21;85.75;5;3
23/10/2019 18:00;15.38;88.5;5;3
23/10/2019 21:00;14.22;90.42;5;3
22/10/2019 00:00;12.62;95.75;3;5
22/10/2019 03:00;12.08;96.0;3;5
22/10/2019 06:00;11.54;96.33;3;5
22/10/2019 09:00;12.03;96.58;3;5
22/10/2019 12:00;17.67;90.92;3;5
22/10/2019 15:00;16.41;92.75;3;5
22/10/2019 18:00;12.46;91.58;3;5
22/10/2019 21:00;11.32;94.09;3;5
21/10/2019 00:00;10.88;95.83;2;3
21/10/2019 03:00;10.59;97.67;2;3
21/10/2019 06:00;11.14;98.0;2;3
21/10/2019 09:00;12.12;97.58;2;3
21/10/2019 12:00;13.02;95.17;2;3
21/10/2019 15:00;13.93;94.08;2;3
21/10/2019 18:00;12.96;94.27;2;3
21/10/2019 21:00;12.68;95.0;2;3
20/10/2019 00:00;9.81;88.42;3;2
20/10/2019 03:00;9.56;89.17;3;2
20/10/2019 06:00;9.54;90.0;3;2
20/10/2019 09:00;10.82;89.75;3;2
20/10/2019 12:00;12.68;90.27;3;2
20/10/2019 15:00;14.59;89.92;3;2
20/10/2019 18:00;12.51;92.17;3;2
20/10/2019 21:00;11.63;94.0;3;2
19/10/2019 00:00;11.25;83.58;3;3
19/10/2019 03:00;11.32;87.92;3;3
19/10/2019 06:00;11.16;90.91;3;3
19/10/2019 09:00;12.15;90.33;3;3
19/10/2019 12:00;15.72;83.92;3;3
19/10/2019 15:00;15.37;80.73;3;3
19/10/2019 18:00;12.24;83.92;3;3
19/10/2019 21:00;10.5;86.33;3;3
18/10/2019 00:00;12.32;88.36;3;3
18/10/2019 03:00;12.27;90.83;3;3
18/10/2019 06:00;12.28;92.25;3;3
18/10/2019 09:00;11.56;89.18;3;3
18/10/2019 12:00;13.97;84.5;3;3
18/10/2019 15:00;15.74;74.33;3;3
18/10/2019 18:00;12.39;77.75;3;3
18/10/2019 21:00;11.4;81.17;3;3
17/10/2019 00:00;21.67;65.83;3;3
17/10/2019 03:00;21.66;65.92;3;3
17/10/2019 06:00;21.32;62.27;3;3
17/10/2019 09:00;12.97;77.83;3;3
17/10/2019 12:00;17.23;75.0;3;3
17/10/2019 15:00;19.24;68.5;3;3
17/10/2019 18:00;13.65;75.5;3;3
17/10/2019 21:00;12.83;84.25;3;3
16/10/2019 00:00;21.4;63.0;2;3
16/10/2019 03:00;21.35;63.0;2;3
16/10/2019 06:00;21.36;62.9;2;3
16/10/2019 09:00;21.71;62.67;2;3
16/10/2019 12:00;22.64;63.17;2;3
16/10/2019 15:00;23.98;65.42;2;3
16/10/2019 18:00;22.51;66.91;2;3
16/10/2019 21:00;21.94;66.0;2;3
15/10/2019 00:00;21.64;66.0;3;2
15/10/2019 03:00;21.43;66.75;3;2
15/10/2019 06:00;20.98;67.83;3;2
15/10/2019 09:00;20.88;68.55;3;2
15/10/2019 12:00;22.65;67.67;3;2
15/10/2019 15:00;22.69;64.0;3;2
15/10/2019 18:00;22.28;63.11;3;2
15/10/2019 21:00;21.72;63.0;3;2
14/10/2019 00:00;13.72;87.83;3;3
14/10/2019 03:00;13.17;89.17;3;3
14/10/2019 06:00;13.07;90.18;3;3
14/10/2019 09:00;15.52;90.42;3;3
14/10/2019 12:00;21.03;77.0;3;3
14/10/2019 15:00;23.12;66.17;3;3
14/10/2019 18:00;22.84;66.18;3;3
14/10/2019 21:00;22.43;64.83;3;3
13/10/2019 00:00;14.43;88.27;3;3
13/10/2019 03:00;14.03;90.25;3;3
13/10/2019 06:00;14.71;91.42;3;3
13/10/2019 09:00;17.72;91.64;3;3
13/10/2019 12:00;23.24;75.0;3;3
13/10/2019 15:00;22.32;72.58;3;3
13/10/2019 18:00;16.65;82.5;3;3
13/10/2019 21:00;14.37;86.5;3;3
12/10/2019 00:00;14.48;86.25;3;3
12/10/2019 03:00;12.87;88.45;3;3
12/10/2019 06:00;12.31;90.42;3;3
12/10/2019 09:00;15.57;88.25;3;3
12/10/2019 12:00;18.4;82.75;3;3
12/10/2019 15:00;20.23;75.75;3;3
12/10/2019 18:00;16.78;80.58;3;3
12/10/2019 21:00;14.92;85.67;3;3
11/10/2019 00:00;12.23;78.58;3;3
11/10/2019 03:00;12.02;81.67;3;3
11/10/2019 06:00;12.59;84.5;3;3
11/10/2019 09:00;13.93;86.67;3;3
11/10/2019 12:00;16.05;83.92;3;3
11/10/2019 15:00;16.86;81.09;3;3
11/10/2019 18:00;16.27;83.08;3;3
11/10/2019 21:00;15.82;84.33;3;3
10/10/2019 00:00;22.28;57.83;3;3
10/10/2019 03:00;22.25;57.67;3;3
10/10/2019 06:00;20.28;54.17;3;3
10/10/2019 09:00;12.54;68.64;3;3
10/10/2019 12:00;18.3;67.75;3;3
10/10/2019 15:00;18.27;64.42;3;3
10/10/2019 18:00;14.33;71.25;3;3
10/10/2019 21:00;11.95;76.55;3;3
09/10/2019 00:00;12.8;98.0;3;3
09/10/2019 03:00;12.8;98.0;3;3
09/10/2019 06:00;12.8;98.0;3;3
09/10/2019 09:00;12.8;98.0;3;3
09/10/2019 12:00;12.8;98.0;3;3
09/10/2019 15:00;12.8;98.0;3;3
09/10/2019 18:00;22.3;64.18;3;3
09/10/2019 21:00;22.51;59.58;3;3
08/10/2019 00:00;12.23;96.58;3;3
08/10/2019 03:00;12.37;97.09;3;3
08/10/2019 06:00;12.8;98.0;3;3
08/10/2019 09:00;12.8;98.0;3;3
08/10/2019 12:00;12.8;98.0;3;3
08/10/2019 15:00;12.8;98.0;3;3
08/10/2019 18:00;12.8;98.0;3;3
08/10/2019 21:00;12.8;98.0;3;3
07/10/2019 00:00;12.01;96.42;3;3
07/10/2019 03:00;11.88;96.08;3;3
07/10/2019 06:00;11.25;96.08;3;3
07/10/2019 09:00;11.85;96.17;3;3
07/10/2019 12:00;15.51;93.58;3;3
07/10/2019 15:00;16.79;94.18;3;3
07/10/2019 18:00;15.16;95.17;3;3
07/10/2019 21:00;13.4;95.83;3;3
06/10/2019 00:00;11.34;85.58;3;3
06/10/2019 03:00;11.81;88.42;3;3
06/10/2019 06:00;12.19;90.75;3;3
06/10/2019 09:00;13.26;92.73;3;3
06/10/2019 12:00;16.82;92.08;3;3
06/10/2019 15:00;17.63;88.17;3;3
06/10/2019 18:00;13.01;92.42;3;3
06/10/2019 21:00;12.23;96.36;3;3
05/10/2019 00:00;10.47;93.58;3;3
05/10/2019 03:00;10.97;94.0;3;3
05/10/2019 06:00;11.1;94.75;3;3
05/10/2019 09:00;12.03;93.83;3;3
05/10/2019 12:00;15.43;86.83;3;3
05/10/2019 15:00;17.87;78.82;3;3
05/10/2019 18:00;13.31;83.08;3;3
05/10/2019 21:00;11.65;84.5;3;3
04/10/2019 00:00;8.99;86.67;3;3
04/10/2019 03:00;8.74;91.33;3;3
04/10/2019 06:00;10.32;93.83;3;3
04/10/2019 09:00;13.71;92.0;3;3
04/10/2019 12:00;17.0;86.42;3;3
04/10/2019 15:00;14.4;88.42;3;3
04/10/2019 18:00;12.87;91.67;3;3
04/10/2019 21:00;11.09;91.5;3;3
03/10/2019 00:00;6.02;84.08;2;3
03/10/2019 03:00;5.19;85.18;2;3
03/10/2019 06:00;4.83;86.25;2;3
03/10/2019 09:00;10.07;84.17;2;3
03/10/2019 12:00;16.27;81.17;2;3
03/10/2019 15:00;14.49;81.58;2;3
03/10/2019 18:00;11.52;83.58;2;3
03/10/2019 21:00;9.91;85.91;2;3
02/10/2019 00:00;14.02;94.75;3;2
02/10/2019 03:00;12.17;95.25;3;2
02/10/2019 06:00;10.73;95.08;3;2
02/10/2019 09:00;13.05;94.83;3;2
02/10/2019 12:00;19.48;81.92;3;2
02/10/2019 15:00;16.48;77.92;3;2
02/10/2019 18:00;10.14;80.36;3;2
02/10/2019 21:00;7.4;82.5;3;2
01/10/2019 00:00;14.33;86.17;3;3
01/10/2019 03:00;15.34;88.33;3;3
01/10/2019 06:00;15.41;90.5;3;3
01/10/2019 09:00;15.18;91.08;3;3
01/10/2019 12:00;19.42;89.0;3;3
01/10/2019 15:00;19.07;90.58;3;3
01/10/2019 18:00;16.33;92.58;3;3
01/10/2019 21:00;14.85;93.36;3;3
30/09/2019 00:00;15.63;96.0;3;3
30/09/2019 03:00;15.63;96.0;3;3
30/09/2019 06:00;15.63;96.0;3;3
30/09/2019 09:00;15.63;96.0;3;3
30/09/2019 12:00;15.63;96.0;3;3
30/09/2019 15:00;20.5;63.75;3;3
30/09/2019 18:00;16.6;74.55;3;3
30/09/2019 21:00;14.95;81.5;3;3
29/09/2019 00:00;15.63;96.0;3;3
29/09/2019 03:00;15.63;96.0;3;3
29/09/2019 06:00;15.63;96.0;3;3
29/09/2019 09:00;15.63;96.0;3;3
29/09/2019 12:00;15.63;96.0;3;3
29/09/2019 15:00;15.63;96.0;3;3
29/09/2019 18:00;15.63;96.0;3;3
29/09/2019 21:00;15.63;96.0;3;3
28/09/2019 00:00;15.63;96.0;3;3
28/09/2019 03:00;15.63;96.0;3;3
28/09/2019 06:00;15.63;96.0;3;3
28/09/2019 09:00;15.63;96.0;3;3
28/09/2019 12:00;15.63;96.0;3;3
28/09/2019 15:00;15.63;96.0;3;3
28/09/2019 18:00;15.63;96.0;3;3
28/09/2019 21:00;15.63;96.0;3;3
27/09/2019 00:00;15.63;96.0;3;3
27/09/2019 03:00;15.63;96.0;3;3
27/09/2019 06:00;15.63;96.0;3;3
27/09/2019 09:00;15.63;96.0;3;3
27/09/2019 12:00;15.63;96.0;3;3
27/09/2019 15:00;15.63;96.0;3;3
27/09/2019 18:00;15.63;96.0;3;3
27/09/2019 21:00;15.63;96.0;3;3
26/09/2019 00:00;15.63;96.0;3;3
26/09/2019 03:00;15.63;96.0;3;3
26/09/2019 06:00;15.63;96.0;3;3
26/09/2019 09:00;15.63;96.0;3;3
26/09/2019 12:00;15.63;96.0;3;3
26/09/2019 15:00;15.63;96.0;3;3
26/09/2019 18:00;15.63;96.0;3;3
26/09/2019 21:00;15.63;96.0;3;3
25/09/2019 00:00;15.63;96.0;2;3
25/09/2019 03:00;15.63;96.0;2;3
25/09/2019 06:00;15.63;96.0;2;3
25/09/2019 09:00;15.63;96.0;2;3
25/09/2019 12:00;15.63;96.0;2;3
25/09/2019 15:00;15.63;96.0;2;3
25/09/2019 18:00;15.63;96.0;2;3
25/09/2019 21:00;15.63;96.0;2;3
24/09/2019 00:00;16.3;80.25;2;2
24/09/2019 03:00;15.81;84.17;2;2
24/09/2019 06:00;15.05;91.25;2;2
24/09/2019 09:00;15.54;90.08;2;2
24/09/2019 12:00;15.12;94.92;2;2
24/09/2019 15:00;15.63;96.0;2;2
24/09/2019 18:00;15.63;96.0;2;2
24/09/2019 21:00;15.63;96.0;2;2
23/09/2019 00:00;15.58;90.5;3;2
23/09/2019 03:00;14.38;92.0;3;2
23/09/2019 06:00;13.0;94.25;3;2
23/09/2019 09:00;17.95;90.45;3;2
23/09/2019 12:00;23.12;77.42;3;2
23/09/2019 15:00;23.97;66.25;3;2
23/09/2019 18:00;18.77;72.17;3;2
23/09/2019 21:00;16.59;78.09;3;2
22/09/2019 00:00;19.11;54.0;4;3
22/09/2019 03:00;17.39;56.73;4;3
22/09/2019 06:00;16.98;59.75;4;3
22/09/2019 09:00;22.95;54.67;4;3
22/09/2019 12:00;30.38;40.5;4;3
22/09/2019 15:00;24.56;54.82;4;3
22/09/2019 18:00;18.27;78.75;4;3
22/09/2019 21:00;15.98;86.75;4;3
21/09/2019 00:00;13.28;47.0;5;4
21/09/2019 03:00;10.99;52.92;5;4
21/09/2019 06:00;9.3;57.0;5;4
21/09/2019 09:00;16.04;49.33;5;4
21/09/2019 12:00;28.62;31.08;5;4
21/09/2019 15:00;31.97;29.25;5;4
21/09/2019 18:00;25.87;37.83;5;4
21/09/2019 21:00;22.18;46.33;5;4
20/09/2019 00:00;11.76;66.0;3;5
20/09/2019 03:00;9.84;69.75;3;5
20/09/2019 06:00;8.66;72.92;3;5
20/09/2019 09:00;16.18;59.92;3;5
20/09/2019 12:00;27.26;28.42;3;5
20/09/2019 15:00;27.81;22.58;3;5
20/09/2019 18:00;20.02;34.33;3;5
20/09/2019 21:00;16.25;41.55;3;5
19/09/2019 00:00;11.17;61.58;3;3
19/09/2019 03:00;10.14;67.25;3;3
19/09/2019 06:00;9.9;70.1;3;3
19/09/2019 09:00;16.85;61.33;3;3
19/09/2019 12:00;23.74;39.25;3;3
19/09/2019 15:00;23.32;38.18;3;3
19/09/2019 18:00;18.05;48.17;3;3
19/09/2019 21:00;14.21;58.25;3;3
18/09/2019 00:00;11.07;61.75;3;3
18/09/2019 03:00;8.57;65.08;3;3
18/09/2019 06:00;9.04;67.33;3;3
18/09/2019 09:00;17.41;57.9;3;3
18/09/2019 12:00;23.58;39.83;3;3
18/09/2019 15:00;24.44;33.92;3;3
18/09/2019 18:00;17.86;43.27;3;3
18/09/2019 21:00;13.78;54.33;3;3
17/09/2019 00:00;17.06;73.0;4;3
17/09/2019 03:00;15.78;74.82;4;3
17/09/2019 06:00;15.28;75.58;4;3
17/09/2019 09:00;18.84;71.75;4;3
17/09/2019 12:00;26.2;51.45;4;3
17/09/2019 15:00;26.61;38.5;4;3
17/09/2019 18:00;18.91;46.5;4;3
17/09/2019 21:00;14.47;55.75;4;3
16/09/2019 00:00;17.49;47.58;3;4
16/09/2019 03:00;15.82;53.42;3;4
16/09/2019 06:00;15.47;58.91;3;4
16/09/2019 09:00;18.88;64.0;3;4
16/09/2019 12:00;24.39;59.67;3;4
16/09/2019 15:00;24.56;57.08;3;4
16/09/2019 18:00;20.41;65.0;3;4
16/09/2019 21:00;18.78;69.42;3;4
15/09/2019 00:00;14.44;52.45;5;3
15/09/2019 03:00;11.67;58.0;5;3
15/09/2019 06:00;10.53;63.17;5;3
15/09/2019 09:00;19.9;59.5;5;3
15/09/2019 12:00;33.27;36.25;5;3
15/09/2019 15:00;34.26;24.67;5;3
15/09/2019 18:00;25.19;31.55;5;3
15/09/2019 21:00;19.93;40.42;5;3
14/09/2019 00:00;13.37;76.25;4;5
14/09/2019 03:00;11.88;79.67;4;5
14/09/2019 06:00;10.65;81.75;4;5
14/09/2019 09:00;20.22;72.92;4;5
14/09/2019 12:00;31.62;41.82;4;5
14/09/2019 15:00;32.43;31.08;4;5
14/09/2019 18:00;23.62;38.25;4;5
14/09/2019 21:00;18.35;45.67;4;5
13/09/2019 00:00;17.43;83.92;3;4
13/09/2019 03:00;16.65;85.25;3;4
13/09/2019 06:00;16.93;85.0;3;4
13/09/2019 09:00;19.11;84.67;3;4
13/09/2019 12:00;24.73;75.58;3;4
13/09/2019 15:00;27.79;55.55;3;4
13/09/2019 18:00;21.83;58.67;3;4
13/09/2019 21:00;16.71;70.0;3;4
12/09/2019 00:00;17.3;90.18;3;3
12/09/2019 03:00;17.14;91.75;3;3
12/09/2019 06:00;16.95;92.67;3;3
12/09/2019 09:00;21.79;84.36;3;3
12/09/2019 12:00;29.83;54.08;3;3
12/09/2019 15:00;25.65;60.75;3;3
12/09/2019 18:00;21.88;71.58;3;3
12/09/2019 21:00;18.07;79.42;3;3
11/09/2019 00:00;13.09;71.58;4;3
11/09/2019 03:00;12.88;76.09;4;3
11/09/2019 06:00;13.39;81.25;4;3
11/09/2019 09:00;15.28;84.45;4;3
11/09/2019 12:00;19.14;76.25;4;3
11/09/2019 15:00;20.88;70.25;4;3
11/09/2019 18:00;18.72;80.08;4;3
11/09/2019 21:00;17.52;86.83;4;3
10/09/2019 00:00;10.28;80.17;4;4
10/09/2019 03:00;9.07;81.25;4;4
10/09/2019 06:00;7.97;83.25;4;4
10/09/2019 09:00;18.29;74.5;4;4
10/09/2019 12:00;29.78;51.75;4;4
10/09/2019 15:00;27.45;47.92;4;4
10/09/2019 18:00;21.08;56.64;4;4
10/09/2019 21:00;15.78;64.75;4;4
09/09/2019 00:00;8.51;87.0;3;4
09/09/2019 03:00;7.18;88.75;3;4
09/09/2019 06:00;7.28;89.92;3;4
09/09/2019 09:00;13.42;87.08;3;4
09/09/2019 12:00;18.79;76.73;3;4
09/09/2019 15:00;18.53;70.67;3;4
09/09/2019 18:00;16.11;71.42;3;4
09/09/2019 21:00;12.76;77.64;3;4
08/09/2019 00:00;12.25;83.42;3;3
08/09/2019 03:00;9.78;85.0;3;3
08/09/2019 06:00;9.43;86.58;3;3
08/09/2019 09:00;14.63;83.92;3;3
08/09/2019 12:00;20.27;73.92;3;3
08/09/2019 15:00;17.32;80.91;3;3
08/09/2019 18:00;14.86;82.0;3;3
08/09/2019 21:00;10.43;84.58;3;3
07/09/2019 00:00;13.44;85.67;3;3
07/09/2019 03:00;12.53;86.0;3;3
07/09/2019 06:00;10.73;88.17;3;3
07/09/2019 09:00;16.79;84.36;3;3
07/09/2019 12:00;21.86;73.83;3;3
07/09/2019 15:00;22.33;60.5;3;3
07/09/2019 18:00;16.02;73.67;3;3
07/09/2019 21:00;13.18;81.5;3;3
06/09/2019 00:00;8.56;69.91;3;3
06/09/2019 03:00;7.0;74.58;3;3
06/09/2019 06:00;7.21;77.83;3;3
06/09/2019 09:00;16.93;66.92;3;3
06/09/2019 12:00;24.16;49.17;3;3
06/09/2019 15:00;22.33;51.0;3;3
06/09/2019 18:00;16.8;67.17;3;3
06/09/2019 21:00;14.36;81.27;3;3
05/09/2019 00:00;12.03;86.33;3;3
05/09/2019 03:00;11.11;87.83;3;3
05/09/2019 06:00;11.02;88.92;3;3
05/09/2019 09:00;16.78;80.58;3;3
05/09/2019 12:00;20.7;63.5;3;3
05/09/2019 15:00;22.14;50.91;3;3
05/09/2019 18:00;15.38;57.75;3;3
05/09/2019 21:00;10.58;64.58;3;3
04/09/2019 00:00;15.5;66.33;3;3
04/09/2019 03:00;13.58;73.08;3;3
04/09/2019 06:00;14.05;76.42;3;3
04/09/2019 09:00;21.35;60.55;3;3
04/09/2019 12:00;20.28;61.42;3;3
04/09/2019 15:00;19.05;78.17;3;3
04/09/2019 18:00;17.18;75.82;3;3
04/09/2019 21:00;13.54;81.67;3;3
03/09/2019 00:00;16.16;58.91;3;3
03/09/2019 03:00;15.09;67.33;3;3
03/09/2019 06:00;15.67;71.67;3;3
03/09/2019 09:00;19.46;68.08;3;3
03/09/2019 12:00;22.02;57.45;3;3
03/09/2019 15:00;21.87;56.09;3;3
03/09/2019 18:00;20.42;53.92;3;3
03/09/2019 21:00;17.38;59.42;3;3
02/09/2019 00:00;14.53;54.75;4;3
02/09/2019 03:00;11.78;61.0;4;3
02/09/2019 06:00;10.38;64.5;4;3
02/09/2019 09:00;21.58;53.25;4;3
02/09/2019 12:00;32.14;28.08;4;3
02/09/2019 15:00;32.18;21.25;4;3
02/09/2019 18:00;23.93;32.08;4;3
02/09/2019 21:00;19.07;45.5;4;3
01/09/2019 00:00;18.27;62.67;4;4
01/09/2019 03:00;15.63;67.08;4;4
01/09/2019 06:00;14.92;69.0;4;4
01/09/2019 09:00;21.46;60.08;4;4
01/09/2019 12:00;28.01;39.58;4;4
01/09/2019 15:00;29.76;28.42;4;4
01/09/2019 18:00;21.92;36.45;4;4
01/09/2019 21:00;17.57;44.58;4;4
31/08/2019 00:00;17.72;58.17;5;4
31/08/2019 03:00;15.59;63.58;5;4
31/08/2019 06:00;14.55;65.25;5;4
31/08/2019 09:00;26.36;45.25;5;4
31/08/2019 12:00;33.93;29.82;5;4
31/08/2019 15:00;35.38;28.67;5;4
31/08/2019 18:00;25.57;40.83;5;4
31/08/2019 21:00;19.79;54.91;5;4
30/08/2019 00:00;14.51;59.67;4;5
30/08/2019 03:00;12.8;66.82;4;5
30/08/2019 06:00;12.23;72.5;4;5
30/08/2019 09:00;23.05;61.5;4;5
30/08/2019 12:00;33.73;33.42;4;5
30/08/2019 15:00;35.1;24.09;4;5
30/08/2019 18:00;26.55;30.17;4;5
30/08/2019 21:00;21.18;42.83;4;5
29/08/2019 00:00;20.07;64.25;4;4
29/08/2019 03:00;19.12;71.75;4;4
29/08/2019 06:00;18.25;77.18;4;4
29/08/2019 09:00;20.68;70.83;4;4
29/08/2019 12:00;27.3;48.92;4;4
29/08/2019 15:00;29.93;34.92;4;4
29/08/2019 18:00;23.11;41.25;4;4
29/08/2019 21:00;17.82;49.83;4;4
28/08/2019 00:00;25.79;43.55;5;4
28/08/2019 03:00;23.08;54.08;5;4
28/08/2019 06:00;21.79;60.25;5;4
28/08/2019 09:00;25.81;56.67;5;4
28/08/2019 12:00;34.76;37.83;5;4
28/08/2019 15:00;35.2;34.75;5;4
28/08/2019 18:00;28.01;45.6;5;4
28/08/2019 21:00;22.69;54.73;5;4
27/08/2019 00:00;25.55;53.17;6;5
27/08/2019 03:00;23.14;58.42;6;5
27/08/2019 06:00;21.51;61.75;6;5
27/08/2019 09:00;32.5;49.25;6;5
27/08/2019 12:00;42.96;25.92;6;5
27/08/2019 15:00;41.2;21.0;6;5
27/08/2019 18:00;34.91;26.0;6;5
27/08/2019 21:00;29.74;33.33;6;5
26/08/2019 00:00;23.46;47.67;8;6
26/08/2019 03:00;20.01;53.5;8;6
26/08/2019 06:00;18.48;58.25;8;6
26/08/2019 09:00;32.22;44.45;8;6
26/08/2019 12:00;41.73;23.5;8;6
26/08/2019 15:00;40.23;22.58;8;6
26/08/2019 18:00;33.95;30.09;8;6
26/08/2019 21:00;28.91;40.92;8;6
25/08/2019 00:00;21.99;44.33;5;8
25/08/2019 03:00;19.05;51.45;5;8
25/08/2019 06:00;18.86;56.0;5;8
25/08/2019 09:00;31.05;45.42;5;8
25/08/2019 12:00;40.91;26.91;5;8
25/08/2019 15:00;41.67;20.0;5;8
25/08/2019 18:00;33.02;26.83;5;8
25/08/2019 21:00;27.18;37.75;5;8
24/08/2019 00:00;19.89;53.83;6;5
24/08/2019 03:00;16.9;60.0;6;5
24/08/2019 06:00;15.71;65.09;6;5
24/08/2019 09:00;28.04;50.75;6;5
24/08/2019 12:00;38.59;26.17;6;5
24/08/2019 15:00;39.17;21.58;6;5
24/08/2019 18:00;31.07;29.0;6;5
24/08/2019 21:00;25.82;36.92;6;5
23/08/2019 00:00;15.79;51.45;7;6
23/08/2019 03:00;12.53;57.25;7;6
23/08/2019 06:00;11.49;61.5;7;6
23/08/2019 09:00;25.47;50.08;7;6
23/08/2019 12:00;35.54;28.67;7;6
23/08/2019 15:00;35.69;24.5;7;6
23/08/2019 18:00;27.95;33.36;7;6
23/08/2019 21:00;23.34;43.83;7;6
22/08/2019 00:00;14.27;57.92;5;7
22/08/2019 03:00;12.08;64.67;5;7
22/08/2019 06:00;11.94;70.08;5;7
22/08/2019 09:00;24.03;58.25;5;7
22/08/2019 12:00;34.5;33.0;5;7
22/08/2019 15:00;34.75;24.58;5;7
22/08/2019 18:00;25.48;34.5;5;7
22/08/2019 21:00;19.55;43.67;5;7
21/08/2019 00:00;12.56;69.0;5;5
21/08/2019 03:00;10.96;75.08;5;5
21/08/2019 06:00;10.6;78.91;5;5
21/08/2019 09:00;22.17;68.92;5;5
21/08/2019 12:00;31.16;44.75;5;5
21/08/2019 15:00;31.51;35.58;5;5
21/08/2019 18:00;23.7;42.36;5;5
21/08/2019 21:00;18.81;48.0;5;5
20/08/2019 00:00;12.7;83.91;4;5
20/08/2019 03:00;11.28;86.25;4;5
20/08/2019 06:00;11.44;88.17;4;5
20/08/2019 09:00;21.65;76.45;4;5
20/08/2019 12:00;28.37;52.33;4;5
20/08/2019 15:00;28.77;42.17;4;5
20/08/2019 18:00;20.7;51.83;4;5
20/08/2019 21:00;15.34;61.42;4;5
19/08/2019 00:00;12.54;92.58;3;4
19/08/2019 03:00;11.68;93.73;3;4
19/08/2019 06:00;11.73;95.92;3;4
19/08/2019 09:00;18.81;87.83;3;4
19/08/2019 12:00;23.12;75.0;3;4
19/08/2019 15:00;23.94;64.92;3;4
19/08/2019 18:00;18.52;68.58;3;4
19/08/2019 21:00;14.61;77.67;3;4
18/08/2019 00:00;16.41;82.67;3;3
18/08/2019 03:00;15.57;87.08;3;3
18/08/2019 06:00;15.11;90.33;3;3
18/08/2019 09:00;16.87;90.75;3;3
18/08/2019 12:00;21.42;87.58;3;3
18/08/2019 15:00;23.94;78.55;3;3
18/08/2019 18:00;18.03;84.5;3;3
18/08/2019 21:00;14.0;89.67;3;3
17/08/2019 00:00;17.23;80.25;2;3
17/08/2019 03:00;17.18;83.92;2;3
17/08/2019 06:00;17.39;87.0;2;3
17/08/2019 09:00;19.88;85.27;2;3
17/08/2019 12:00;22.27;79.17;2;3
17/08/2019 15:00;21.19;79.92;2;3
17/08/2019 18:00;20.02;76.27;2;3
17/08/2019 21:00;17.63;79.42;2;3
16/08/2019 00:00;14.59;86.25;3;2
16/08/2019 03:00;13.83;88.45;3;2
16/08/2019 06:00;13.99;89.92;3;2
16/08/2019 09:00;20.33;83.25;3;2
16/08/2019 12:00;26.37;58.18;3;2
16/08/2019 15:00;26.15;51.75;3;2
16/08/2019 18:00;22.34;58.5;3;2
16/08/2019 21:00;18.47;70.92;3;2
15/08/2019 00:00;16.25;88.0;3;3
15/08/2019 03:00;16.35;90.17;3;3
15/08/2019 06:00;16.6;91.36;3;3
15/08/2019 09:00;20.57;88.0;3;3
15/08/2019 12:00;22.73;79.08;3;3
15/08/2019 15:00;25.82;60.42;3;3
15/08/2019 18:00;20.63;69.42;3;3
15/08/2019 21:00;16.4;80.33;3;3
14/08/2019 00:00;13.33;66.08;3;3
14/08/2019 03:00;11.74;74.42;3;3
14/08/2019 06:00;12.3;78.0;3;3
14/08/2019 09:00;21.96;63.08;3;3
14/08/2019 12:00;24.58;49.67;3;3
14/08/2019 15:00;21.1;64.17;3;3
14/08/2019 18:00;18.86;71.82;3;3
14/08/2019 21:00;16.84;81.83;3;3
13/08/2019 00:00;13.78;71.33;3;3
13/08/2019 03:00;11.46;77.5;3;3
13/08/2019 06:00;11.91;80.33;3;3
13/08/2019 09:00;21.6;62.25;3;3
13/08/2019 12:00;22.02;52.82;3;3
13/08/2019 15:00;24.28;45.08;3;3
13/08/2019 18:00;20.2;49.5;3;3
13/08/2019 21:00;16.0;57.91;3;3
12/08/2019 00:00;15.33;73.17;3;3
12/08/2019 03:00;14.15;78.82;3;3
12/08/2019 06:00;13.93;82.17;3;3
12/08/2019 09:00;23.6;65.5;3;3
12/08/2019 12:00;22.26;59.75;3;3
12/08/2019 15:00;24.49;56.91;3;3
12/08/2019 18:00;21.47;55.67;3;3
12/08/2019 21:00;16.41;62.92;3;3
11/08/2019 00:00;16.05;77.58;3;3
11/08/2019 03:00;14.8;83.5;3;3
11/08/2019 06:00;14.72;85.92;3;3
11/08/2019 09:00;19.34;76.36;3;3
11/08/2019 12:00;23.22;61.17;3;3
11/08/2019 15:00;23.58;54.17;3;3
11/08/2019 18:00;21.68;55.5;3;3
11/08/2019 21:00;17.86;65.08;3;3
10/08/2019 00:00;19.13;86.55;4;3
10/08/2019 03:00;18.62;84.08;4;3
10/08/2019 06:00;18.2;84.92;4;3
10/08/2019 09:00;21.59;73.92;4;3
10/08/2019 12:00;25.48;55.67;4;3
10/08/2019 15:00;27.28;45.0;4;3
10/08/2019 18:00;22.52;55.5;4;3
10/08/2019 21:00;18.12;67.55;4;3
09/08/2019 00:00;21.72;59.58;3;4
09/08/2019 03:00;20.51;67.92;3;4
09/08/2019 06:00;21.73;66.33;3;4
09/08/2019 09:00;21.1;77.0;3;4
09/08/2019 12:00;25.05;80.08;3;4
09/08/2019 15:00;25.38;79.18;3;4
09/08/2019 18:00;23.18;73.92;3;4
09/08/2019 21:00;20.39;79.75;3;4
08/08/2019 00:00;16.37;64.5;4;3
08/08/2019 03:00;14.7;73.5;4;3
08/08/2019 06:00;15.66;76.27;4;3
08/08/2019 09:00;20.01;73.25;4;3
08/08/2019 12:00;29.17;51.33;4;3
08/08/2019 15:00;30.67;42.0;4;3
08/08/2019 18:00;28.01;43.73;4;3
08/08/2019 21:00;23.65;52.25;4;3
07/08/2019 00:00;17.89;62.45;3;4
07/08/2019 03:00;17.05;69.17;3;4
07/08/2019 06:00;17.02;73.42;3;4
07/08/2019 09:00;25.55;56.36;3;4
07/08/2019 12:00;30.53;38.5;3;4
07/08/2019 15:00;31.59;30.75;3;4
07/08/2019 18:00;24.48;40.08;3;4
07/08/2019 21:00;19.61;52.17;3;4
06/08/2019 00:00;18.51;64.67;3;3
06/08/2019 03:00;15.89;71.55;3;3
06/08/2019 06:00;16.04;75.83;3;3
06/08/2019 09:00;25.88;56.33;3;3
06/08/2019 12:00;30.04;37.25;3;3
06/08/2019 15:00;29.18;38.25;3;3
06/08/2019 18:00;26.1;44.08;3;3
06/08/2019 21:00;20.72;54.33;3;3
05/08/2019 00:00;23.42;51.75;3;3
05/08/2019 03:00;20.03;61.92;3;3
05/08/2019 06:00;18.28;70.67;3;3
05/08/2019 09:00;27.22;51.75;3;3
05/08/2019 12:00;33.82;32.67;3;3
05/08/2019 15:00;31.96;34.42;3;3
05/08/2019 18:00;27.64;44.36;3;3
05/08/2019 21:00;22.27;57.83;3;3
04/08/2019 00:00;18.49;69.42;4;3
04/08/2019 03:00;17.65;73.25;4;3
04/08/2019 06:00;17.59;76.0;4;3
04/08/2019 09:00;26.73;61.36;4;3
04/08/2019 12:00;34.82;40.0;4;3
04/08/2019 15:00;34.88;33.75;4;3
04/08/2019 18:00;30.81;35.83;4;3
04/08/2019 21:00;26.55;42.45;4;3
03/08/2019 00:00;15.66;76.83;4;4
03/08/2019 03:00;14.69;79.82;4;4
03/08/2019 06:00;16.28;81.33;4;4
03/08/2019 09:00;21.24;78.17;4;4
03/08/2019 12:00;26.64;66.58;4;4
03/08/2019 15:00;29.0;52.91;4;4
03/08/2019 18:00;25.42;54.83;4;4
03/08/2019 21:00;21.0;63.33;4;4
02/08/2019 00:00;16.41;75.0;4;4
02/08/2019 03:00;14.78;80.25;4;4
02/08/2019 06:00;15.39;82.45;4;4
02/08/2019 09:00;24.13;73.58;4;4
02/08/2019 12:00;31.48;52.42;4;4
02/08/2019 15:00;30.08;47.83;4;4
02/08/2019 18:00;23.14;58.42;4;4
02/08/2019 21:00;18.27;70.58;4;4
01/08/2019 00:00;14.95;88.09;4;4
01/08/2019 03:00;14.53;89.92;4;4
01/08/2019 06:00;15.94;91.5;4;4
01/08/2019 09:00;25.67;78.42;4;4
01/08/2019 12:00;29.51;66.17;4;4
01/08/2019 15:00;27.84;60.83;4;4
01/08/2019 18:00;24.25;63.33;4;4
01/08/2019 21:00;19.65;70.18;4;4
31/07/2019 00:00;17.28;70.58;3;4
31/07/2019 03:00;16.18;77.5;3;4
31/07/2019 06:00;15.87;86.67;3;4
31/07/2019 09:00;20.05;84.08;3;4
31/07/2019 12:00;22.55;76.67;3;4
31/07/2019 15:00;21.61;78.09;3;4
31/07/2019 18:00;18.36;81.75;3;4
31/07/2019 21:00;16.55;84.67;3;4
30/07/2019 00:00;18.94;61.33;4;3
30/07/2019 03:00;17.13;67.42;4;3
30/07/2019 06:00;17.95;69.73;4;3
30/07/2019 09:00;26.53;51.58;4;3
30/07/2019 12:00;30.11;39.33;4;3
30/07/2019 15:00;28.54;37.83;4;3
30/07/2019 18:00;24.53;44.36;4;3
30/07/2019 21:00;19.62;60.5;4;3
29/07/2019 00:00;14.34;94.73;4;4
29/07/2019 03:00;13.24;96.0;4;4
29/07/2019 06:00;14.49;80.67;4;4
29/07/2019 09:00;25.6;80.33;4;4
29/07/2019 12:00;32.41;57.0;4;4
29/07/2019 15:00;31.92;45.33;4;4
29/07/2019 18:00;25.27;49.33;4;4
29/07/2019 21:00;21.47;54.42;4;4
28/07/2019 00:00;17.14;96.14;3;4
28/07/2019 03:00;16.87;96.09;3;4
28/07/2019 06:00;16.77;96.92;3;4
28/07/2019 09:00;18.53;95.17;3;4
28/07/2019 12:00;20.61;92.25;3;4
28/07/2019 15:00;21.06;90.58;3;4
28/07/2019 18:00;20.08;90.25;3;4
28/07/2019 21:00;16.3;92.58;3;4
27/07/2019 00:00;22.16;57.67;3;3
27/07/2019 03:00;20.13;68.42;3;3
27/07/2019 06:00;18.78;82.5;3;3
27/07/2019 09:00;21.31;85.58;3;3
27/07/2019 12:00;21.7;87.58;3;3
27/07/2019 15:00;20.27;91.33;3;3
27/07/2019 18:00;20.23;92.0;3;3
27/07/2019 21:00;20.23;92.0;3;3
26/07/2019 00:00;27.26;48.58;7;3
26/07/2019 03:00;25.17;56.5;7;3
26/07/2019 06:00;25.38;55.75;7;3
26/07/2019 09:00;30.93;49.83;7;3
26/07/2019 12:00;39.5;31.82;7;3
26/07/2019 15:00;39.52;27.0;7;3
26/07/2019 18:00;33.11;35.08;7;3
26/07/2019 21:00;26.41;46.73;7;3
25/07/2019 00:00;26.73;44.42;7;7
25/07/2019 03:00;24.98;56.5;7;7
25/07/2019 06:00;25.68;58.18;7;7
25/07/2019 09:00;34.32;41.75;7;7
25/07/2019 12:00;45.68;22.92;7;7
25/07/2019 15:00;47.42;15.27;7;7
25/07/2019 18:00;41.54;19.17;7;7
25/07/2019 21:00;35.98;27.08;7;7
24/07/2019 00:00;27.51;36.18;7;7
24/07/2019 03:00;24.72;44.92;7;7
24/07/2019 06:00;25.19;47.42;7;7
24/07/2019 09:00;35.03;32.91;7;7
24/07/2019 12:00;44.04;23.17;7;7
24/07/2019 15:00;44.53;22.17;7;7
24/07/2019 18:00;36.38;27.58;7;7
24/07/2019 21:00;30.29;34.08;7;7
23/07/2019 00:00;22.47;50.83;5;7
23/07/2019 03:00;20.1;60.17;5;7
23/07/2019 06:00;21.18;62.67;5;7
23/07/2019 09:00;33.3;41.75;5;7
23/07/2019 12:00;42.58;21.75;5;7
23/07/2019 15:00;43.03;18.08;5;7
23/07/2019 18:00;35.99;23.08;5;7
23/07/2019 21:00;31.24;28.0;5;7
22/07/2019 00:00;18.88;47.5;4;5
22/07/2019 03:00;16.59;53.75;4;5
22/07/2019 06:00;17.56;58.75;4;5
22/07/2019 09:00;28.35;44.58;4;5
22/07/2019 12:00;38.07;28.67;4;5
22/07/2019 15:00;38.91;24.5;4;5
22/07/2019 18:00;31.81;32.55;4;5
22/07/2019 21:00;26.5;39.92;4;5
21/07/2019 00:00;17.24;68.75;3;4
21/07/2019 03:00;16.11;75.08;3;4
21/07/2019 06:00;17.12;77.75;3;4
21/07/2019 09:00;26.48;55.08;3;4
21/07/2019 12:00;33.58;33.45;3;4
21/07/2019 15:00;33.27;28.5;3;4
21/07/2019 18:00;26.97;34.75;3;4
21/07/2019 21:00;22.17;41.18;3;4
20/07/2019 00:00;22.15;47.17;3;3
20/07/2019 03:00;20.23;57.08;3;3
20/07/2019 06:00;19.57;63.09;3;3
20/07/2019 09:00;25.37;57.17;3;3
20/07/2019 12:00;28.77;49.83;3;3
20/07/2019 15:00;30.42;42.0;3;3
20/07/2019 18:00;24.68;47.67;3;3
20/07/2019 21:00;20.28;58.33;3;3
19/07/2019 00:00;18.08;64.58;4;3
19/07/2019 03:00;17.18;68.25;4;3
19/07/2019 06:00;17.97;70.33;4;3
19/07/2019 09:00;26.95;52.82;4;3
19/07/2019 12:00;29.77;37.0;4;3
19/07/2019 15:00;32.88;28.92;4;3
19/07/2019 18:00;29.49;33.33;4;3
19/07/2019 21:00;25.4;40.08;4;3
18/07/2019 00:00;20.3;45.45;3;4
18/07/2019 03:00;17.57;54.75;3;4
18/07/2019 06:00;17.03;64.42;3;4
18/07/2019 09:00;25.19;52.58;3;4
18/07/2019 12:00;29.28;38.5;3;4
18/07/2019 15:00;25.31;49.42;3;4
18/07/2019 18:00;24.22;51.58;3;4
18/07/2019 21:00;20.85;58.18;3;4
17/07/2019 00:00;15.88;51.42;5;3
17/07/2019 03:00;13.17;58.17;5;3
17/07/2019 06:00;15.28;63.42;5;3
17/07/2019 09:00;28.08;47.0;5;3
17/07/2019 12:00;36.76;26.0;5;3
17/07/2019 15:00;37.41;21.18;5;3
17/07/2019 18:00;31.04;25.08;5;3
17/07/2019 21:00;24.88;35.75;5;3
16/07/2019 00:00;17.0;57.92;4;5
16/07/2019 03:00;15.68;59.75;4;5
16/07/2019 06:00;16.02;60.58;4;5
16/07/2019 09:00;19.87;55.55;4;5
16/07/2019 12:00;28.05;40.58;4;5
16/07/2019 15:00;31.22;31.5;4;5
16/07/2019 18:00;24.9;37.18;4;5
16/07/2019 21:00;20.17;44.25;4;5
15/07/2019 00:00;13.29;63.91;3;4
15/07/2019 03:00;12.78;66.08;3;4
15/07/2019 06:00;14.64;66.58;3;4
15/07/2019 09:00;19.27;61.42;3;4
15/07/2019 12:00;21.96;53.91;3;4
15/07/2019 15:00;25.07;43.83;3;4
15/07/2019 18:00;22.01;46.58;3;4
15/07/2019 21:00;18.7;54.33;3;4
14/07/2019 00:00;16.05;63.75;3;3
14/07/2019 03:00;16.22;67.58;3;3
14/07/2019 06:00;16.43;68.73;3;3
14/07/2019 09:00;21.44;59.58;3;3
14/07/2019 12:00;25.73;43.42;3;3
14/07/2019 15:00;26.27;39.92;3;3
14/07/2019 18:00;22.31;46.83;3;3
14/07/2019 21:00;16.98;57.92;3;3
13/07/2019 00:00;17.93;55.0;4;3
13/07/2019 03:00;16.21;63.25;4;3
13/07/2019 06:00;17.0;68.67;4;3
13/07/2019 09:00;21.31;65.0;4;3
13/07/2019 12:00;26.98;49.0;4;3
13/07/2019 15:00;24.85;48.67;4;3
13/07/2019 18:00;22.56;49.73;4;3
13/07/2019 21:00;17.28;58.83;4;3
12/07/2019 00:00;19.11;45.92;4;4
12/07/2019 03:00;15.92;59.42;4;4
12/07/2019 06:00;17.1;66.42;4;4
12/07/2019 09:00;27.76;52.0;4;4
12/07/2019 12:00;29.52;42.09;4;4
12/07/2019 15:00;31.73;34.0;4;4
12/07/2019 18:00;25.72;38.83;4;4
12/07/2019 21:00;21.76;45.91;4;4
11/07/2019 00:00;21.13;51.58;5;4
11/07/2019 03:00;19.35;56.42;5;4
11/07/2019 06:00;18.7;58.82;5;4
11/07/2019 09:00;24.65;48.33;5;4
11/07/2019 12:00;29.17;36.17;5;4
11/07/2019 15:00;33.94;28.36;5;4
11/07/2019 18:00;27.83;30.67;5;4
11/07/2019 21:00;22.99;37.08;5;4
10/07/2019 00:00;18.43;41.45;5;5
10/07/2019 03:00;17.46;46.75;5;5
10/07/2019 06:00;17.6;50.42;5;5
10/07/2019 09:00;26.36;39.18;5;5
10/07/2019 12:00;32.23;30.17;5;5
10/07/2019 15:00;35.94;25.75;5;5
10/07/2019 18:00;28.88;38.92;5;5
10/07/2019 21:00;24.06;45.67;5;5
09/07/2019 00:00;13.01;54.0;4;5
09/07/2019 03:00;10.95;59.82;4;5
09/07/2019 06:00;11.88;63.75;4;5
09/07/2019 09:00;23.28;46.42;4;5
09/07/2019 12:00;33.09;25.92;4;5
09/07/2019 15:00;35.12;20.33;4;5
09/07/2019 18:00;28.41;26.67;4;5
09/07/2019 21:00;22.23;36.17;4;5
08/07/2019 00:00;12.84;59.67;4;4
08/07/2019 03:00;10.57;64.0;4;4
08/07/2019 06:00;12.28;66.83;4;4
08/07/2019 09:00;24.22;50.92;4;4
08/07/2019 12:00;30.95;31.75;4;4
08/07/2019 15:00;29.72;27.75;4;4
08/07/2019 18:00;22.22;36.64;4;4
08/07/2019 21:00;16.96;46.17;4;4
07/07/2019 00:00;19.64;60.33;3;4
07/07/2019 03:00;17.49;66.08;3;4
07/07/2019 06:00;16.54;71.25;3;4
07/07/2019 09:00;18.4;68.67;3;4
07/07/2019 12:00;21.97;62.27;3;4
07/07/2019 15:00;25.16;51.0;3;4
07/07/2019 18:00;22.12;44.0;3;4
07/07/2019 21:00;16.4;52.0;3;4
06/07/2019 00:00;20.92;42.5;5;3
06/07/2019 03:00;17.92;48.83;5;3
06/07/2019 06:00;18.85;53.82;5;3
06/07/2019 09:00;30.98;38.67;5;3
06/07/2019 12:00;38.83;23.83;5;3
06/07/2019 15:00;35.27;27.82;5;3
06/07/2019 18:00;28.83;36.17;5;3
06/07/2019 21:00;22.35;48.75;5;3
05/07/2019 00:00;18.04;50.75;6;5
05/07/2019 03:00;16.16;56.75;6;5
05/07/2019 06:00;16.61;60.42;6;5
05/07/2019 09:00;26.23;47.45;6;5
05/07/2019 12:00;37.41;28.0;6;5
05/07/2019 15:00;39.15;23.08;6;5
05/07/2019 18:00;30.68;31.25;6;5
05/07/2019 21:00;24.33;37.33;6;5
04/07/2019 00:00;14.6;58.25;4;6
04/07/2019 03:00;12.26;65.91;4;6
04/07/2019 06:00;14.02;67.42;4;6
04/07/2019 09:00;25.11;40.75;4;6
04/07/2019 12:00;34.32;22.75;4;6
04/07/2019 15:00;34.58;19.58;4;6
04/07/2019 18:00;27.22;28.92;4;6
04/07/2019 21:00;21.65;42.73;4;6
03/07/2019 00:00;16.64;56.92;4;4
03/07/2019 03:00;14.16;65.58;4;4
03/07/2019 06:00;15.32;68.67;4;4
03/07/2019 09:00;24.58;42.83;4;4
03/07/2019 12:00;30.34;26.92;4;4
03/07/2019 15:00;29.41;26.82;4;4
03/07/2019 18:00;23.67;36.92;4;4
03/07/2019 21:00;18.04;49.83;4;4
02/07/2019 00:00;16.73;54.58;4;4
02/07/2019 03:00;14.05;61.5;4;4
02/07/2019 06:00;17.02;63.67;4;4
02/07/2019 09:00;28.11;44.82;4;4
02/07/2019 12:00;34.44;28.33;4;4
02/07/2019 15:00;35.31;25.25;4;4
02/07/2019 18:00;26.95;36.27;4;4
02/07/2019 21:00;19.97;45.83;4;4
01/07/2019 00:00;16.62;63.75;4;4
01/07/2019 03:00;14.83;71.27;4;4
01/07/2019 06:00;16.86;74.17;4;4
01/07/2019 09:00;28.04;46.33;4;4
01/07/2019 12:00;34.54;28.91;4;4
01/07/2019 15:00;33.88;25.83;4;4
01/07/2019 18:00;26.71;35.25;4;4
01/07/2019 21:00;21.44;45.25;4;4
30/06/2019 00:00;26.06;44.5;5;4
30/06/2019 03:00;22.52;56.75;5;4
30/06/2019 06:00;21.35;68.09;5;4
30/06/2019 09:00;26.78;58.33;5;4
30/06/2019 12:00;34.69;33.67;5;4
30/06/2019 15:00;33.13;30.67;5;4
30/06/2019 18:00;25.88;39.0;5;4
30/06/2019 21:00;20.49;51.17;5;4
29/06/2019 00:00;21.12;52.91;6;5
29/06/2019 03:00;18.9;56.67;6;5
29/06/2019 06:00;20.55;56.5;6;5
29/06/2019 09:00;32.95;36.42;6;5
29/06/2019 12:00;42.19;21.42;6;5
29/06/2019 15:00;41.48;19.58;6;5
29/06/2019 18:00;34.57;25.58;6;5
29/06/2019 21:00;29.91;35.0;6;5
28/06/2019 00:00;17.74;68.92;5;6
28/06/2019 03:00;15.07;76.17;5;6
28/06/2019 06:00;15.85;76.83;5;6
28/06/2019 09:00;26.76;48.33;5;6
28/06/2019 12:00;36.07;27.25;5;6
28/06/2019 15:00;35.92;25.0;5;6
28/06/2019 18:00;29.03;34.75;5;6
28/06/2019 21:00;24.66;43.83;5;6
27/06/2019 00:00;17.76;74.08;5;5
27/06/2019 03:00;16.11;81.08;5;5
27/06/2019 06:00;17.67;79.08;5;5
27/06/2019 09:00;26.84;49.73;5;5
27/06/2019 12:00;34.62;28.42;5;5
27/06/2019 15:00;34.81;26.08;5;5
27/06/2019 18:00;27.31;38.45;5;5
27/06/2019 21:00;21.91;56.17;5;5
26/06/2019 00:00;20.5;65.09;8;5
26/06/2019 03:00;19.33;71.0;8;5
26/06/2019 06:00;18.71;74.75;8;5
26/06/2019 09:00;25.45;63.67;8;5
26/06/2019 12:00;35.98;37.27;8;5
26/06/2019 15:00;34.75;36.67;8;5
26/06/2019 18:00;26.88;51.0;8;5
26/06/2019 21:00;21.15;63.67;8;5
25/06/2019 00:00;21.98;60.92;7;8
25/06/2019 03:00;19.99;68.33;7;8
25/06/2019 06:00;21.9;71.91;7;8
25/06/2019 09:00;30.49;57.17;7;8
25/06/2019 12:00;39.96;36.75;7;8
25/06/2019 15:00;40.0;34.92;7;8
25/06/2019 18:00;32.36;46.08;7;8
25/06/2019 21:00;24.87;56.83;7;8
24/06/2019 00:00;24.38;56.45;4;7
24/06/2019 03:00;21.98;63.58;4;7
24/06/2019 06:00;22.68;66.92;4;7
24/06/2019 09:00;31.22;50.08;4;7
24/06/2019 12:00;38.89;32.67;4;7
24/06/2019 15:00;38.94;33.33;4;7
24/06/2019 18:00;32.89;39.36;4;7
24/06/2019 21:00;26.82;49.33;4;7
23/06/2019 00:00;16.11;66.33;5;4
23/06/2019 03:00;14.4;72.08;5;4
23/06/2019 06:00;17.47;74.33;5;4
23/06/2019 09:00;29.83;49.67;5;4
23/06/2019 12:00;38.21;30.82;5;4
23/06/2019 15:00;37.05;29.92;5;4
23/06/2019 18:00;32.17;37.92;5;4
23/06/2019 21:00;27.47;48.75;5;4
22/06/2019 00:00;12.11;67.42;5;5
22/06/2019 03:00;9.82;73.0;5;5
22/06/2019 06:00;12.39;75.75;5;5
22/06/2019 09:00;25.14;53.08;5;5
22/06/2019 12:00;31.37;35.08;5;5
22/06/2019 15:00;29.15;35.83;5;5
22/06/2019 18:00;23.85;43.45;5;5
22/06/2019 21:00;19.47;56.92;5;5
21/06/2019 00:00;11.07;89.18;4;5
21/06/2019 03:00;9.87;91.5;4;5
21/06/2019 06:00;12.35;92.42;4;5
21/06/2019 09:00;23.69;74.5;4;5
21/06/2019 12:00;27.97;56.36;4;5
21/06/2019 15:00;28.02;46.42;4;5
21/06/2019 18:00;21.58;50.17;4;5
21/06/2019 21:00;15.92;58.92;4;5
20/06/2019 00:00;15.62;95.75;3;4
20/06/2019 03:00;14.9;96.67;3;4
20/06/2019 06:00;15.68;96.45;3;4
20/06/2019 09:00;18.77;92.58;3;4
20/06/2019 12:00;26.22;74.67;3;4
20/06/2019 15:00;24.35;68.92;3;4
20/06/2019 18:00;17.37;78.58;3;4
20/06/2019 21:00;13.34;84.83;3;4
19/06/2019 00:00;21.68;52.67;4;3
19/06/2019 03:00;19.65;61.42;4;3
19/06/2019 06:00;17.72;79.08;4;3
19/06/2019 09:00;20.34;81.5;4;3
19/06/2019 12:00;24.39;77.67;4;3
19/06/2019 15:00;23.81;81.42;4;3
19/06/2019 18:00;19.67;90.45;4;3
19/06/2019 21:00;17.24;92.92;4;3
18/06/2019 00:00;16.01;69.17;5;4
18/06/2019 03:00;13.39;73.33;5;4
18/06/2019 06:00;15.86;73.92;5;4
18/06/2019 09:00;25.88;57.08;5;4
18/06/2019 12:00;36.04;36.18;5;4
18/06/2019 15:00;34.8;31.17;5;4
18/06/2019 18:00;30.0;36.58;5;4
18/06/2019 21:00;25.25;43.73;5;4
17/06/2019 00:00;14.15;76.67;3;5
17/06/2019 03:00;13.14;81.17;3;5
17/06/2019 06:00;15.65;85.36;3;5
17/06/2019 09:00;27.12;61.83;3;5
17/06/2019 12:00;32.65;41.83;3;5
17/06/2019 15:00;32.89;38.45;3;5
17/06/2019 18:00;25.68;48.42;3;5
17/06/2019 21:00;20.87;59.08;3;5
16/06/2019 00:00;15.08;78.0;3;3
16/06/2019 03:00;12.91;84.17;3;3
16/06/2019 06:00;14.27;86.5;3;3
16/06/2019 09:00;19.07;81.82;3;3
16/06/2019 12:00;26.77;59.75;3;3
16/06/2019 15:00;24.81;60.33;3;3
16/06/2019 18:00;21.66;65.08;3;3
16/06/2019 21:00;16.91;73.08;3;3
15/06/2019 00:00;14.92;82.92;4;3
15/06/2019 03:00;13.11;87.27;4;3
15/06/2019 06:00;13.17;88.17;4;3
15/06/2019 09:00;19.89;83.42;4;3
15/06/2019 12:00;27.17;75.58;4;3
15/06/2019 15:00;26.74;65.42;4;3
15/06/2019 18:00;21.92;66.83;4;3
15/06/2019 21:00;17.48;73.0;4;3
14/06/2019 00:00;11.07;95.91;4;4
14/06/2019 03:00;10.81;82.17;4;4
14/06/2019 06:00;12.16;98.58;4;4
14/06/2019 09:00;21.68;85.5;4;4
14/06/2019 12:00;26.78;71.75;4;4
14/06/2019 15:00;25.22;69.0;4;4
14/06/2019 18:00;21.11;76.45;4;4
14/06/2019 21:00;17.28;80.83;4;4
13/06/2019 00:00;11.33;96.0;3;4
13/06/2019 03:00;11.0;98.83;3;4
13/06/2019 06:00;11.93;98.33;3;4
13/06/2019 09:00;15.42;90.92;3;4
13/06/2019 12:00;16.13;91.55;3;4
13/06/2019 15:00;17.95;89.17;3;4
13/06/2019 18:00;14.79;94.5;3;4
13/06/2019 21:00;12.81;95.58;3;4
12/06/2019 00:00;12.62;83.25;3;3
12/06/2019 03:00;12.11;85.75;3;3
12/06/2019 06:00;12.45;87.82;3;3
12/06/2019 09:00;13.38;89.42;3;3
12/06/2019 12:00;14.83;91.5;3;3
12/06/2019 15:00;20.53;88.08;3;3
12/06/2019 18:00;16.75;91.36;3;3
12/06/2019 21:00;13.8;92.67;3;3
11/06/2019 00:00;9.86;93.73;4;3
11/06/2019 03:00;8.67;95.17;4;3
11/06/2019 06:00;9.72;97.83;4;3
11/06/2019 09:00;19.1;85.75;4;3
11/06/2019 12:00;22.69;78.82;4;3
11/06/2019 15:00;24.14;70.25;4;3
11/06/2019 18:00;19.35;74.83;4;3
11/06/2019 21:00;15.9;79.33;4;3
10/06/2019 00:00;13.7;86.67;4;4
10/06/2019 03:00;12.52;88.33;4;4
10/06/2019 06:00;12.81;89.27;4;4
10/06/2019 09:00;14.69;90.08;4;4
10/06/2019 12:00;21.17;86.0;4;4
10/06/2019 15:00;23.02;82.83;4;4
10/06/2019 18:00;16.69;87.75;4;4
10/06/2019 21:00;12.04;90.0;4;4
09/06/2019 00:00;9.69;90.55;3;4
09/06/2019 03:00;9.3;91.58;3;4
09/06/2019 06:00;10.92;91.67;3;4
09/06/2019 09:00;22.07;78.33;3;4
09/06/2019 12:00;24.87;68.58;3;4
09/06/2019 15:00;17.96;76.08;3;4
09/06/2019 18:00;16.91;79.82;3;4
09/06/2019 21:00;15.13;83.5;3;4
08/06/2019 00:00;11.83;94.58;3;3
08/06/2019 03:00;11.05;93.45;3;3
08/06/2019 06:00;10.92;96.0;3;3
08/06/2019 09:00;14.53;89.67;3;3
08/06/2019 12:00;17.15;82.17;3;3
08/06/2019 15:00;18.29;78.55;3;3
08/06/2019 18:00;14.69;81.69;3;3
08/06/2019 21:00;11.27;87.42;3;3
07/06/2019 00:00;18.37;88.67;4;3
07/06/2019 03:00;18.37;88.67;4;3
07/06/2019 06:00;18.37;88.67;4;3
07/06/2019 09:00;22.35;43.1;4;3
07/06/2019 12:00;21.66;52.33;4;3
07/06/2019 15:00;16.67;79.33;4;3
07/06/2019 18:00;15.42;79.83;4;3
07/06/2019 21:00;12.88;91.33;4;3
06/06/2019 00:00;18.37;88.67;4;4
06/06/2019 03:00;18.37;88.67;4;4
06/06/2019 06:00;18.37;88.67;4;4
06/06/2019 09:00;18.37;88.67;4;4
06/06/2019 12:00;18.37;88.67;4;4
06/06/2019 15:00;18.37;88.67;4;4
06/06/2019 18:00;18.37;88.67;4;4
06/06/2019 21:00;18.37;88.67;4;4
05/06/2019 00:00;18.37;88.67;3;4
05/06/2019 03:00;18.37;88.67;3;4
05/06/2019 06:00;18.37;88.67;3;4
05/06/2019 09:00;18.37;88.67;3;4
05/06/2019 12:00;18.37;88.67;3;4
05/06/2019 15:00;18.37;88.67;3;4
05/06/2019 18:00;18.37;88.67;3;4
05/06/2019 21:00;18.37;88.67;3;4
04/06/2019 00:00;14.12;51.25;4;3
04/06/2019 03:00;12.32;56.75;4;3
04/06/2019 06:00;14.35;59.67;4;3
04/06/2019 09:00;20.56;55.0;4;3
04/06/2019 12:00;23.52;55.33;4;3
04/06/2019 15:00;27.67;48.75;4;3
04/06/2019 18:00;23.12;70.33;4;3
04/06/2019 21:00;18.37;88.67;4;3
03/06/2019 00:00;20.32;48.58;4;4
03/06/2019 03:00;18.17;59.0;4;4
03/06/2019 06:00;17.55;64.33;4;4
03/06/2019 09:00;20.09;56.67;4;4
03/06/2019 12:00;23.18;45.18;4;4
03/06/2019 15:00;23.79;40.75;4;4
03/06/2019 18:00;21.41;41.33;4;4
03/06/2019 21:00;17.2;45.5;4;4
02/06/2019 00:00;21.82;59.0;5;4
02/06/2019 03:00;18.95;66.83;5;4
02/06/2019 06:00;19.56;69.27;5;4
02/06/2019 09:00;27.09;52.08;5;4
02/06/2019 12:00;38.46;25.83;5;4
02/06/2019 15:00;37.39;23.08;5;4
02/06/2019 18:00;29.95;30.83;5;4
02/06/2019 21:00;24.05;40.67;5;4
01/06/2019 00:00;16.02;56.55;5;5
01/06/2019 03:00;14.35;63.08;5;5
01/06/2019 06:00;15.44;68.17;5;5
01/06/2019 09:00;24.69;56.83;5;5
01/06/2019 12:00;36.28;31.08;5;5
01/06/2019 15:00;35.31;28.0;5;5
01/06/2019 18:00;28.74;37.33;5;5
01/06/2019 21:00;24.96;47.45;5;5
31/05/2019 00:00;14.73;68.75;3;5
31/05/2019 03:00;12.58;76.17;3;5
31/05/2019 06:00;13.31;80.17;3;5
31/05/2019 09:00;18.7;69.5;3;5
31/05/2019 12:00;24.8;50.5;3;5
31/05/2019 15:00;28.59;36.0;3;5
31/05/2019 18:00;23.66;43.25;3;5
31/05/2019 21:00;19.29;51.0;3;5
30/05/2019 00:00;14.26;80.33;3;3
30/05/2019 03:00;14.57;86.08;3;3
30/05/2019 06:00;15.36;88.17;3;3
30/05/2019 09:00;17.62;82.82;3;3
30/05/2019 12:00;21.71;69.25;3;3
30/05/2019 15:00;26.14;46.92;3;3
30/05/2019 18:00;21.64;48.55;3;3
30/05/2019 21:00;18.44;57.33;3;3
29/05/2019 00:00;10.1;60.67;4;3
29/05/2019 03:00;8.01;65.64;4;3
29/05/2019 06:00;9.78;68.08;4;3
29/05/2019 09:00;18.31;58.0;4;3
29/05/2019 12:00;29.89;30.09;4;3
29/05/2019 15:00;27.62;27.0;4;3
29/05/2019 18:00;20.73;39.5;4;3
29/05/2019 21:00;16.88;53.58;4;3
28/05/2019 00:00;12.6;71.92;3;4
28/05/2019 03:00;12.21;75.83;3;4
28/05/2019 06:00;12.64;75.36;3;4
28/05/2019 09:00;15.54;71.67;3;4
28/05/2019 12:00;23.23;51.0;3;4
28/05/2019 15:00;22.68;43.5;3;4
28/05/2019 18:00;18.65;46.25;3;4
28/05/2019 21:00;13.33;54.42;3;4
27/05/2019 00:00;14.52;84.55;3;3
27/05/2019 03:00;13.92;86.83;3;3
27/05/2019 06:00;13.99;87.17;3;3
27/05/2019 09:00;20.2;74.25;3;3
27/05/2019 12:00;25.84;47.58;3;3
27/05/2019 15:00;24.54;36.83;3;3
27/05/2019 18:00;19.87;44.42;3;3
27/05/2019 21:00;14.75;59.82;3;3
26/05/2019 00:00;13.64;62.42;3;3
26/05/2019 03:00;11.9;72.25;3;3
26/05/2019 06:00;14.05;76.67;3;3
26/05/2019 09:00;21.62;62.42;3;3
26/05/2019 12:00;22.83;52.08;3;3
26/05/2019 15:00;23.17;48.18;3;3
26/05/2019 18:00;19.48;55.83;3;3
26/05/2019 21:00;15.28;77.67;3;3
25/05/2019 00:00;14.27;50.5;4;3
25/05/2019 03:00;12.58;58.33;4;3
25/05/2019 06:00;13.43;63.5;4;3
25/05/2019 09:00;19.08;61.45;4;3
25/05/2019 12:00;25.27;49.08;4;3
25/05/2019 15:00;24.84;41.33;4;3
25/05/2019 18:00;20.88;41.36;4;3
25/05/2019 21:00;17.35;49.33;4;3
24/05/2019 00:00;16.9;49.58;5;4
24/05/2019 03:00;15.18;51.45;5;4
24/05/2019 06:00;14.3;54.83;5;4
24/05/2019 09:00;21.27;51.5;5;4
24/05/2019 12:00;33.8;30.91;5;4
24/05/2019 15:00;30.42;28.17;5;4
24/05/2019 18:00;23.04;34.25;5;4
24/05/2019 21:00;17.72;42.08;5;4
23/05/2019 00:00;13.44;60.08;5;5
23/05/2019 03:00;10.05;64.75;5;5
23/05/2019 06:00;11.12;67.64;5;5
23/05/2019 09:00;20.23;54.42;5;5
23/05/2019 12:00;30.57;31.25;5;5
23/05/2019 15:00;30.79;27.75;5;5
23/05/2019 18:00;25.62;33.42;5;5
23/05/2019 21:00;20.49;40.42;5;5
22/05/2019 21:00;15.6;57.4;4;5
